,Station_ID,Station_name,Lat,Lng,Summer_Pop_Start,Summer_Pop_End,Winter_Pop_Start,Winter_Pop_End
0,315,South St & Gouverneur Ln,40.70355377,-74.00670227,6122,4497,1395,1478
1,3224,W 13 St & Hudson St,40.73997354,-74.00513873,0,0,2108,2192
2,386,Centre St & Worth St,40.71494807,-74.00234482,2963,2212,1025,1022
3,466,W 25 St & 6 Ave,40.74395411,-73.99144871,5913,4338,2472,2518
4,438,St Marks Pl & 1 Ave,40.72779126,-73.98564945,5548,4282,2287,2347
5,453,W 22 St & 8 Ave,40.74475148,-73.99915362,8705,6662,2428,2455
6,3092,Berry St & N 8 St,40.7190095,-73.95852515,0,878,944,931
7,3534,Frederick Douglass Blvd & W 117 St,40.805159,-73.95469200000001,0,285,573,583
8,336,Sullivan St & Washington Sq,40.73047747,-73.99906065,4910,3763,1928,1999
9,319,Fulton St & Broadway,40.711065999999995,-74.009447,4885,3635,1563,1545
10,507,E 25 St & 2 Ave,40.73912601,-73.97973776,5215,3573,2345,2338
11,483,E 12 St & 3 Ave,40.73223272,-73.98889957,5733,4403,2521,2566
12,3413,Wyckoff St & 3 Ave,40.6827549,-73.98258555,0,316,347,377
13,146,Hudson St & Reade St,40.71625008,-74.0091059,3418,2576,980,966
14,308,St James Pl & Oliver St,40.71307916,-73.99851193,2479,1957,999,1017
15,3168,Central Park West & W 85 St,40.78472675,-73.96961715,0,931,1320,1366
16,460,S 4 St & Wythe Ave,40.71285887,-73.96590294,4837,1408,1272,1175
17,490,8 Ave & W 33 St,40.751551,-73.993934,10302,7026,4281,4368
18,501,FDR Drive & E 35 St,40.744219,-73.97121214,5311,3710,1566,1525
19,353,S Portland Ave & Hanson Pl,40.68539567,-73.97431458,1301,569,498,469
20,3137,5 Ave & E 73 St,40.77282817,-73.96685276,0,965,1260,1237
21,3062,Myrtle Ave & Marcy Ave,40.69539817,-73.94954908,0,169,271,269
22,3143,5 Ave & E 78 St,40.77632142,-73.96427393,0,915,1093,1089
23,470,W 20 St & 8 Ave,40.74345335,-74.00004031,0,0,2606,2628
24,3576,Park Pl & Vanderbilt Ave,40.6767,-73.969024,0,457,491,466
25,3148,E 84 St & 1 Ave,40.77565541,-73.95068615,0,649,679,700
26,3294,E 91 St & Park Ave,40.7835016,-73.955327,0,246,547,498
27,3602,31 Ave & 34 St,40.763154,-73.920827,0,54,255,250
28,3282,5 Ave & E 88 St,40.78307,-73.95939,0,1197,1072,1054
29,2003,1 Ave & E 18 St,40.73381219,-73.98054421,0,3535,2210,2291
30,331,Pike St & Monroe St,40.71173107,-73.99193043,2022,1638,782,794
31,322,Clinton St & Tillary St,40.696191999999996,-73.991218,1717,1007,470,414
32,3418,Plaza St West & Flatbush Ave,40.675020700000005,-73.97111473,0,333,795,597
33,447,8 Ave & W 52 St,40.76370739,-73.9851615,5186,3431,1750,1740
34,382,University Pl & E 14 St,40.73492695,-73.99200509,7559,5733,3181,3342
35,393,E 5 St & Avenue C,40.72299208,-73.97995466,2267,1716,1015,1089
36,519,Pershing Square North,40.751872999999996,-73.97770600000001,8297,9470,8080,8026
37,3339,Berkeley Pl & 6 Ave,40.6765304,-73.97846879,0,295,443,453
38,3447,E 71 St & 1 Ave,40.76703432,-73.9562273,0,111,595,601
39,498,Broadway & W 32 St,40.74854862,-73.98808416,6986,4117,2699,2694
40,3163,Central Park West & W 68 St,40.7734066,-73.97782542,0,1761,1627,1576
41,3314,W 95 St & Broadway,40.7937704,-73.971888,0,506,953,929
42,3289,W 90 St & Amsterdam Ave,40.79017948,-73.97288918,0,326,654,560
43,285,Broadway & E 14 St,40.73454567,-73.99074142,10330,7820,4223,4296
44,238,Bank St & Washington St,40.7361967,-74.00859207,3212,2412,1148,1168
45,358,Christopher St & Greenwich St,40.73291553,-74.00711384,9346,6809,3068,3160
46,257,Lispenard St & Broadway,40.71939226,-74.00247214,3915,2998,1549,1576
47,3595,35 St & Broadway,40.760339,-73.9222427,0,37,140,138
48,3263,Cooper Square & Astor Pl,40.72951496,-73.9907527,0,5996,3351,3484
49,3160,Central Park West & W 76 St,40.77896784,-73.97374737,0,930,920,887
50,376,John St & William St,40.70862144,-74.00722156,2521,1941,1195,1203
51,449,W 52 St & 9 Ave,40.76461837,-73.98789473,0,0,1136,1122
52,339,Avenue D & E 12 St,40.72580614,-73.97422494,1705,984,523,394
53,491,E 24 St & Park Ave S,40.74096374,-73.98602213,6196,4470,2750,2762
54,284,Greenwich Ave & 8 Ave,40.73901691,-74.00263761,0,0,3561,3661
55,2021,W 45 St & 8 Ave,40.75929124,-73.98859651,0,3154,2305,2299
56,296,Division St & Bowery,40.71413089,-73.99704679999999,3447,2741,1494,1596
57,128,MacDougal St & Prince St,40.72710258,-74.00297088,6752,5159,2208,2281
58,524,W 43 St & 6 Ave,40.75527307,-73.98316936,0,3001,1822,1799
59,3047,Halsey St & Tompkins Ave,40.682368700000005,-73.944118,0,343,321,327
60,364,Lafayette Ave & Classon Ave,40.68900443,-73.96023854,1713,921,587,531
61,3249,Verona Pl & Fulton St,40.68035608,-73.9476791,0,240,285,286
62,3081,Graham Ave & Grand St,40.711863,-73.944024,0,357,335,334
63,537,Lexington Ave & E 24 St,40.74025878,-73.98409214,0,4314,2941,2937
64,3360,Amsterdam Ave & W 79 St,40.7829391,-73.9786517,0,832,1368,1284
65,3110,Meserole Ave & Manhattan Ave,40.72708584,-73.95299117,0,212,861,860
66,3431,E 35 St & 3 Ave,40.746524,-73.977885,0,2024,1309,1318
67,529,W 42 St & 8 Ave,40.75756989999999,-73.99098507,0,3194,2202,2214
68,326,E 11 St & 1 Ave,40.72953837,-73.98426726,5000,3856,2033,2052
69,3430,Richardson St & N Henry St,40.71907891,-73.94223690000001,0,98,496,500
70,3107,Bedford Ave & Nassau Ave,40.72311651,-73.95212324,0,538,1206,1200
71,3124,46 Ave & 5 St,40.74731,-73.95451,0,81,496,501
72,477,W 41 St & 8 Ave,40.75640548,-73.9900262,10108,6479,4256,4267
73,161,LaGuardia Pl & W 3 St,40.72917025,-73.99810231,5699,4327,2228,2293
74,504,1 Ave & E 16 St,40.73221853,-73.98165557,6790,5042,3147,3200
75,502,Henry St & Grand St,40.714215,-73.981346,3302,2628,1803,1842
76,3259,9 Ave & W 28 St,40.74937024,-73.99923384,0,0,1525,1536
77,497,E 17 St & Broadway,40.73704984,-73.99009296,11860,8778,4503,4924
78,3093,N 6 St & Bedford Ave,40.71745169,-73.95850939,0,2000,1651,1709
79,3420,Douglass St & 3 Ave,40.6802133,-73.98432695,0,444,706,806
80,3288,E 88 St & 1 Ave,40.778301,-73.9488134,0,0,797,832
81,3427,Lafayette St & Jersey St,40.72430527,-73.99600983,0,5090,2596,2569
82,3016,Kent Ave & N 7 St,40.72036775,-73.96165073,0,1652,1182,1353
83,499,Broadway & W 60 St,40.76915505,-73.98191841,9151,3067,3112,3088
84,442,W 27 St & 7 Ave,40.746646999999996,-73.993915,6605,4452,1489,1516
85,3298,Warren St & Court St,40.686371,-73.99383324,0,521,561,580
86,293,Lafayette St & E 8 St,40.73020661,-73.99102628,8810,6799,3616,3701
87,3165,Central Park West & W 72 St,40.77579377,-73.97620574,0,1436,1659,1618
88,545,E 23 St & 1 Ave,40.736502,-73.97809472,0,4039,2705,2729
89,317,E 6 St & Avenue B,40.72453734,-73.98185424,4048,2926,1860,2095
90,448,W 37 St & 10 Ave,40.75660359,-73.9979009,4704,3102,1827,1835
91,2012,E 27 St & 1 Ave,40.739445,-73.97680600000001,0,2414,1851,1820
92,479,9 Ave & W 45 St,40.76019252,-73.9912551,6648,3651,2653,2696
93,446,W 24 St & 7 Ave,40.74487634,-73.99529885,6743,4751,3117,3127
94,3158,W 63 St & Broadway,40.77163851,-73.98261428,0,1429,2183,1777
95,3394,Columbia St & W 9 St,40.6769993,-74.00647134,0,21,47,47
96,347,Greenwich St & W Houston St,40.728846000000004,-74.00859100000001,6041,4475,1957,1982
97,3389,Carroll St & Columbia St,40.6830456,-74.00348559,0,374,368,414
98,350,Clinton St & Grand St,40.71559509,-73.9870295,3284,2488,1322,1325
99,473,Rivington St & Chrystie St,40.72110063,-73.99192540000001,3216,2335,929,901
100,485,W 37 St & 5 Ave,40.75038009,-73.98338988,1242,672,1669,1658
101,3643,E 41 St & 5 Ave,40.75272201,-73.98123622,0,0,1190,1133
102,380,W 4 St & 7 Ave S,40.73401143,-74.00293877,5170,4026,2325,2419
103,3139,E 72 St & Park Ave,40.77118288,-73.96409422,0,615,550,540
104,443,Bedford Ave & S 9 St,40.70853074,-73.96408963,700,210,237,108
105,407,Henry St & Poplar St,40.700469,-73.991454,1432,872,424,287
106,509,9 Ave & W 22 St,40.7454973,-74.00197139,7229,5254,2897,2930
107,303,Mercer St & Spring St,40.72362738,-73.99949601,4085,3189,1356,1388
108,3518,Lenox Ave & W 126 St,40.808442,-73.94520870000001,0,100,414,424
109,236,St Marks Pl & 2 Ave,40.7284186,-73.98713956,5701,4531,2165,2234
110,3304,6 Ave & 9 St,40.668127,-73.98377641,0,168,559,526
111,3108,Nassau Ave & Russell St,40.725570000000005,-73.94434,0,214,643,659
112,401,Allen St & Rivington St,40.72019576,-73.98997825,5382,3840,1948,1933
113,3572,34 Ave & 38 St,40.756913,-73.921631,0,48,306,299
114,127,Barrow St & Hudson St,40.73172428,-74.00674436,6933,5169,2376,2400
115,389,Broadway & Berry St,40.71044554,-73.96525063,2611,789,828,755
116,3041,Kingston Ave & Herkimer St,40.67890679,-73.94142771,0,197,201,205
117,152,Warren St & Church St,40.71473993,-74.00910627,0,0,840,842
118,3317,10 St & 5 Ave,40.6686273,-73.98700053,0,126,281,277
119,432,E 7 St & Avenue A,40.72621788,-73.98379855,6234,4750,3454,2902
120,402,Broadway & E 22 St,40.740343200000005,-73.98955109,11604,8207,4526,4784
121,274,Lafayette Ave & Fort Greene Pl,40.68691865,-73.976682,2128,1131,755,836
122,237,E 11 St & 2 Ave,40.73047309,-73.98672378,5901,4246,2277,2343
123,3318,2 Ave & E 96 St,40.7839636,-73.94716729999999,0,163,970,999
124,252,MacDougal St & Washington Sq,40.73226398,-73.99852205,3792,2886,1338,1413
125,513,W 56 St & 10 Ave,40.768254,-73.988639,3100,1919,1370,1349
126,168,W 18 St & 6 Ave,40.73971301,-73.99456405,7701,6051,3287,3390
127,282,Kent Ave & S 11 St,40.70764494,-73.96841526,2034,709,564,587
128,281,Grand Army Plaza & Central Park S,40.764397100000004,-73.97371465,9345,2917,2423,2375
129,3086,Graham Ave & Conselyea St,40.715143,-73.944507,0,310,856,857
130,396,Lefferts Pl & Franklin Ave,40.68034242,-73.95576894,869,296,401,303
131,394,E 9 St & Avenue C,40.72521311,-73.97768752,4365,3124,1689,1698
132,379,W 31 St & 7 Ave,40.749156,-73.9916,8251,5290,3652,3721
133,251,Mott St & Prince St,40.72317958,-73.99480012,6264,4539,1751,1781
134,459,W 20 St & 11 Ave,40.746745000000004,-74.007756,8863,6359,4057,4441
135,471,Grand St & Havemeyer St,40.71286844,-73.95698119,2046,550,528,469
136,3425,2 Ave & E 104 St,40.789210499999996,-73.94370784,0,56,499,515
137,3364,Carroll St & 5 Ave,40.6751622,-73.9814832,0,348,442,453
138,330,Reade St & Broadway,40.71450451,-74.00562789,2798,2044,1004,1004
139,520,W 52 St & 5 Ave,40.75992262,-73.97648516,0,486,1503,1503
140,362,Broadway & W 37 St,40.75172632,-73.98753523,2997,1790,1136,1079
141,3088,Union Ave & Jackson St,40.7160751,-73.95202900000001,0,224,239,238
142,3119,Vernon Blvd & 50 Ave,40.74232744,-73.95411749,0,104,999,972
143,3529,Lenox Ave & W 130 St,40.8107922,-73.9430681,0,116,299,298
144,3361,Carroll St & 6 Ave,40.6740886,-73.9787282,0,304,598,600
145,195,Liberty St & Broadway,40.70905623,-74.01043382,4212,2968,1517,1512
146,517,Pershing Square South,40.751581,-73.97791,6586,4201,2792,2615
147,335,Washington Pl & Broadway,40.72903917,-73.99404649,3693,2964,1794,1874
148,3611,Vernon Blvd & 47 Rd,40.7449067,-73.9534573,0,22,206,189
149,334,W 20 St & 7 Ave,40.74238787,-73.99726235,5720,4250,2536,2570
150,518,E 39 St & 2 Ave,40.74780373,-73.97344190000001,5753,3444,2448,2428
151,3414,Bergen St & Flatbush Ave,40.68094472,-73.97567332,0,429,529,534
152,259,South St & Whitehall St,40.70122128,-74.01234218,3838,2864,914,948
153,3558,Bergen St & Vanderbilt Ave,40.6794388,-73.96804379999999,0,538,379,374
154,3377,Carroll St & Bond St,40.6786115,-73.99037292,0,347,440,435
155,3632,E 12 St & Avenue B,40.72804857,-73.9788115,0,3353,1942,2047
156,3641,Broadway & W 25 St,40.74286877,-73.98918629,0,5612,3062,3060
157,254,W 11 St & 6 Ave,40.73532427,-73.99800419,3225,2568,1456,1490
158,3238,E 80 St & 2 Ave,40.7739139,-73.95439535,0,0,691,664
159,3048,Putnam Ave & Nostrand Ave,40.684020000000004,-73.94977,0,208,252,264
160,3308,Kane St & Clinton St,40.686175799999994,-73.99645295,0,517,613,635
161,462,W 22 St & 10 Ave,40.74691959,-74.00451887,7078,5372,2283,2306
162,3226,W 82 St & Central Park West,40.78275,-73.97137,0,690,858,688
163,403,E 2 St & 2 Ave,40.72502876,-73.99069656,6131,4600,1802,1891
164,229,Great Jones St,40.72743423,-73.99379025,8095,6404,3306,3417
165,265,Stanton St & Chrystie St,40.72229346,-73.99147535,5370,4047,1804,1864
166,2000,Front St & Washington St,40.70255088,-73.98940236,0,2277,1157,1287
167,3346,Berkeley Pl & 7 Ave,40.67514684,-73.97523209,0,398,775,791
168,297,E 15 St & 3 Ave,40.734232,-73.986923,5725,4014,2508,2500
169,439,E 4 St & 2 Ave,40.726280700000004,-73.98978041,2637,1995,2322,2368
170,3164,Columbus Ave & W 72 St,40.7770575,-73.97898475,0,1352,2646,2010
171,3170,W 84 St & Columbus Ave,40.78499979,-73.97283406,0,424,1471,1171
172,3453,Devoe St & Lorimer St,40.71335226,-73.94910336,0,86,510,523
173,3508,St Nicholas Ave & Manhattan Ave,40.809725,-73.953149,0,139,366,376
174,3440,Fulton St & Adams St,40.69241829,-73.98949474,0,1601,1233,1173
175,410,Suffolk St & Stanton St,40.72066442,-73.98517977,5154,3857,2113,2068
176,3336,E 97 St & Madison Ave,40.787801,-73.953559,0,407,712,684
177,307,Canal St & Rutgers St,40.71427487,-73.98990025,6044,4749,2191,2227
178,3320,Central Park West & W 100 St,40.79406661,-73.96286845,0,290,542,509
179,409,DeKalb Ave & Skillman St,40.6906495,-73.95643107,1127,463,289,280
180,320,Leonard St & Church St,40.717571,-74.005549,2737,2091,1018,1042
181,321,Cadman Plaza E & Red Cross Pl,40.69991755,-73.98971773,2729,1580,760,792
182,527,E 33 St & 2 Ave,40.744023,-73.976056,0,1478,2827,2848
183,3105,N 15 St & Wythe Ave,40.724055,-73.955736,0,197,362,367
184,3593,31 St & Broadway,40.761584,-73.925921,0,91,630,596
185,312,Allen St & Stanton St,40.722055,-73.989111,5618,4256,2061,2085
186,2010,Grand St & Greene St,40.72165481,-74.00234737,0,2961,1369,1377
187,3578,Park Pl & Franklin Ave,40.67418060000001,-73.95649470000001,0,191,158,160
188,3526,31 St & 23 Ave,40.7747878,-73.91255509999999,0,24,391,382
189,3131,E 68 St & 3 Ave,40.7671284,-73.96224618,0,482,664,646
190,275,Washington Ave & Greene Ave,40.68650065,-73.96563307,1240,484,449,342
191,324,DeKalb Ave & Hudson Ave,40.689888,-73.981013,2296,2902,895,1649
192,3350,W 100 St & Broadway,40.797372100000004,-73.97041192,0,459,887,825
193,515,W 43 St & 10 Ave,40.76009437,-73.99461843,4821,3171,1812,1879
194,3142,1 Ave & E 62 St,40.761227399999996,-73.96094022,0,1680,1818,1812
195,3090,N 8 St & Driggs Ave,40.71774592,-73.95600096,0,474,1418,1460
196,3345,Madison Ave & E 99 St,40.78948542,-73.95242929,0,115,431,418
197,3102,Driggs Ave & Lorimer St,40.72179134,-73.95041540000001,0,112,353,348
198,151,Cleveland Pl & Spring St,40.72210379,-73.99724901,8006,5855,2793,2813
199,486,Broadway & W 29 St,40.7462009,-73.98855723,5952,3979,2434,2428
200,306,Cliff St & Fulton St_1,40.70823502,-74.00530063,3036,2363,1006,1008
201,445,E 10 St & Avenue A,40.72740794,-73.98142006,6383,6330,1945,2088
202,279,Peck Slip & Front St,40.707873,-74.00166999999999,4265,3320,1050,1077
203,3100,Nassau Ave & Newell St,40.72481256,-73.94752622,0,287,573,587
204,3175,W 70 St & Amsterdam Ave,40.77748046,-73.98288594,0,125,1509,1441
205,3613,Center Blvd & 48 Ave,40.745038,-73.957539,0,75,242,253
206,450,W 49 St & 8 Ave,40.76227205,-73.98788205,6371,3898,2716,2710
207,3167,Amsterdam Ave & W 73 St,40.77966809,-73.98093045,0,2077,2333,2298
208,3055,Greene Ave & Nostrand Ave,40.68833370000001,-73.950916,0,269,227,214
209,3258,W 27 St & 10 Ave,40.75018156,-74.00218427,0,4770,2122,2117
210,505,6 Ave & W 33 St,40.74901271,-73.98848395,8952,6260,3305,3303
211,480,W 53 St & 10 Ave,40.76669671,-73.99061728,4122,2662,1729,1743
212,3619,Newtown Ave & 23 St,40.7713615,-73.9246145,0,40,256,260
213,289,Monroe St & Classon Ave,40.684568299999995,-73.95881081,983,456,269,172
214,361,Allen St & Hester St,40.71605866,-73.99190759,4837,3705,1814,1797
215,461,E 20 St & 2 Ave,40.73587678,-73.98205027,5376,3631,2410,2429
216,305,E 58 St & 3 Ave,40.76095756,-73.96724467,4630,2209,1687,1692
217,3411,Bond St & Bergen St,40.6849668,-73.98620772,0,368,499,510
218,496,E 16 St & 5 Ave,40.73726186,-73.99238967,6104,4416,2502,2565
219,3052,Lewis Ave & Madison St,40.686312,-73.935775,0,206,217,217
220,301,E 2 St & Avenue B,40.72217444,-73.98368779,4167,3359,1967,2128
221,3116,Huron St & Franklin St,40.732659999999996,-73.95826,0,296,648,661
222,3635,W 36 St & 9 Ave,40.75462324,-73.99516761,0,3225,1522,1535
223,430,York St & Jay St,40.7014851,-73.98656928,0,0,1547,1598
224,3400,E 110 St & Madison Ave,40.796153499999996,-73.94782145,0,142,445,450
225,540,Lexington Ave & E 29 St,40.74311555,-73.98215353,0,3746,2123,2126
226,436,Hancock St & Bedford Ave,40.68216564,-73.95399026,722,316,303,237
227,532,S 5 Pl & S 5 St,40.710451,-73.960876,0,2309,1105,925
228,302,Avenue D & E 3 St,40.72082834,-73.97793172,2152,1691,1191,1258
229,3223,E 55 St & 3 Ave,40.75899656,-73.96865398,0,2467,1526,1508
230,405,Washington St & Gansevoort St,40.739323,-74.008119,7676,5692,1652,1652
231,514,12 Ave & W 40 St,40.76087502,-74.00277668,11159,6416,1777,2141
232,258,DeKalb Ave & Vanderbilt Ave,40.68940747,-73.96885458,2314,917,864,643
233,3083,Bushwick Ave & Powers St,40.71247661,-73.94100005,0,367,308,276
234,3155,Lexington Ave & E 63 St,40.76440023,-73.96648977,0,607,964,941
235,415,Pearl St & Hanover Square,40.7047177,-74.00926027,2930,2319,1005,1021
236,482,W 15 St & 7 Ave,40.73935542,-73.99931783,7416,5735,2777,2940
237,3085,Roebling St & N 4 St,40.714690000000004,-73.95739,0,532,486,501
238,3162,W 78 St & Broadway,40.78339981,-73.98093133,0,583,1018,886
239,3044,Albany Ave & Fulton St,40.6800105,-73.938475,0,70,92,88
240,3147,E 85 St & 3 Ave,40.77801203,-73.95407149,0,754,1627,1625
241,3466,W 45 St & 6 Ave (OLD),40.75668721,-73.98257732,0,2891,1558,1540
242,3516,31 St & Astoria Blvd,40.76991760000001,-73.91840570000001,0,17,570,558
243,3069,Lorimer St & Broadway,40.70411791,-73.94818595,0,72,186,176
244,267,Broadway & W 36 St,40.75097711,-73.98765428,4648,3076,1804,1717
245,2006,Central Park S & 6 Ave,40.76590936,-73.97634151,0,2921,2386,2383
246,3502,Lexington Ave & E 111 St,40.79541210000001,-73.9441232,0,27,207,223
247,174,E 25 St & 1 Ave,40.7381765,-73.97738662,3573,2539,1994,2008
248,3172,W 74 St & Columbus Ave,40.7785669,-73.97754961,0,624,918,810
249,150,E 2 St & Avenue C,40.720873600000004,-73.98085795,3075,2996,1139,1120
250,3344,Pioneer St & Van Brunt St,40.679043,-74.011169,0,257,280,304
251,3533,St. Nicholas Ave & W 126 St,40.8114323,-73.95187759999999,0,113,298,321
252,212,W 16 St & The High Line,40.74334935,-74.00681753,5085,3680,1893,1901
253,369,Washington Pl & 6 Ave,40.73224119,-74.00026394,3561,2710,1232,1230
254,3409,Bergen St & Smith St,40.686744299999994,-73.99063168,0,1111,1597,1733
255,3335,Union St & 4 Ave,40.6772744,-73.98282002,0,470,676,795
256,340,Madison St & Clinton St,40.71269042,-73.98776323,2082,1733,919,945
257,3101,N 12 St & Bedford Ave,40.72079821,-73.95484712,0,560,502,500
258,3467,W Broadway & Spring Street,40.72494672,-74.00165856,0,4025,1654,1725
259,3574,Prospect Pl & Underhill Ave,40.6769694,-73.96579,0,269,280,270
260,239,Willoughby St & Fleet St,40.69196566,-73.9813018,2957,2084,1426,1234
261,478,11 Ave & W 41 St,40.76030096,-73.99884222,5230,3318,2065,2106
262,368,Carmine St & 6 Ave,40.73038599,-74.00214988,9434,6897,3091,3244
263,3368,5 Ave & 3 St,40.672815500000006,-73.98352355,0,353,697,718
264,440,E 45 St & 3 Ave,40.75255434,-73.97282625,3287,1963,1501,1483
265,419,Carlton Ave & Park Ave,40.69580705,-73.97355569,776,629,465,399
266,3255,8 Ave & W 31 St,40.75058535,-73.99468482,0,3329,4852,4956
267,3560,28 St & 38 Ave,40.754876,-73.934326,0,64,162,154
268,523,W 38 St & 8 Ave,40.75466591,-73.99138152,0,2129,4278,4321
269,536,1 Ave & E 30 St,40.74144387,-73.97536082,0,3315,2356,2381
270,264,Maiden Ln & Pearl St,40.70706456,-74.00731853,2602,2024,964,985
271,3115,India St & Manhattan Ave,40.73232194,-73.9550858,0,184,578,583
272,3435,Grand St & Elizabeth St,40.718821999999996,-73.99596,0,5347,2635,2644
273,458,11 Ave & W 27 St,40.751396,-74.00522600000001,6950,4888,1861,2130
274,531,Forsyth St & Broome St,40.71893904,-73.99266288,0,4278,2098,2110
275,377,6 Ave & Canal St,40.72243797,-74.00566443,5130,4035,1316,1411
276,3496,1 Ave & E 110 St,40.7923272,-73.9383,0,75,312,313
277,487,E 20 St & FDR Drive,40.73314259,-73.97573881,5341,3572,2394,2390
278,3359,E 68 St & Madison Ave,40.7691572,-73.96703464,0,707,373,373
279,341,Stanton St & Mangin St,40.71782143,-73.97628939,1774,1405,671,674
280,3302,Columbus Ave & W 103 St,40.7969347,-73.96434123,0,45,246,175
281,3297,6 St & 7 Ave,40.668662700000006,-73.97988067,0,118,319,268
282,411,E 6 St & Avenue D,40.72228087,-73.97668709,2163,1615,936,950
283,3648,Flushing Ave & Vanderbilt Ave,40.69795032,-73.9707756,0,806,361,502
284,3087,Metropolitan Ave & Meeker Ave,40.71413311,-73.95234386,0,427,541,546
285,3146,E 81 St & 3 Ave,40.77573034,-73.9567526,0,501,712,700
286,3096,Union Ave & N 12 St,40.71924,-73.95241999999999,0,344,600,632
287,245,Myrtle Ave & St Edwards St,40.69327018,-73.97703874,824,550,323,270
288,492,W 33 St & 7 Ave,40.75019995,-73.99093085,9349,5546,3487,3733
289,3002,South End Ave & Liberty St,40.711512,-74.01575600000001,0,7013,2466,2482
290,3135,E 75 St & 3 Ave,40.77112927,-73.95772297,0,306,721,738
291,325,E 19 St & 3 Ave,40.73624527,-73.98473765,3697,2693,1557,1569
292,3300,Prospect Park West & 8 St,40.66514682,-73.97637606,0,205,409,334
293,359,E 47 St & Park Ave,40.75510267,-73.97498696,8096,4511,3773,3473
294,3313,6 Ave & 12 St,40.666318100000005,-73.9854617,0,122,302,258
295,467,Dean St & 4 Ave,40.68312489,-73.97895137,2860,613,1149,1086
296,3141,1 Ave & E 68 St,40.76500525,-73.95818491,0,2236,2631,2623
297,3379,E 103 St & Lexington Ave,40.790305100000005,-73.94755757,0,75,410,446
298,391,Clark St & Henry St,40.69760127,-73.99344559,3192,1441,1285,934
299,295,Pike St & E Broadway,40.71406667,-73.99293911,2633,2178,1292,1292
300,3231,E 67 St & Park Ave,40.767800799999996,-73.96592081,0,0,499,453
301,3463,E 16 St & Irving Pl,40.73536706,-73.98797393,0,2789,1702,1714
302,476,E 31 St & 3 Ave,40.74394314,-73.97966069,4748,3318,2126,2123
303,342,Columbia St & Rivington St,40.71739973,-73.98016555,1934,1488,1093,1061
304,546,E 30 St & Park Ave S,40.74444921,-73.98303529,0,1808,1990,1982
305,82,St James Pl & Pearl St,40.71117416,-74.00016545,1146,919,436,464
306,3372,E 74 St & 1 Ave,40.7689738,-73.95482273,0,869,997,1037
307,3301,Columbus Ave & W 95 St,40.7919557,-73.968087,0,503,1181,1074
308,314,Cadman Plaza West & Montague St,40.69383,-73.990539,2323,1143,813,705
309,291,Madison St & Montgomery St,40.713126,-73.984844,1751,1486,913,921
310,3378,E 76 St & Park Ave,40.773763,-73.96222088,0,161,796,778
311,3429,Hanson Pl & Ashland Pl,40.68506807,-73.9779076,0,2432,1984,2044
312,266,Avenue D & E 8 St,40.72368361,-73.97574813,1996,1320,785,762
313,3293,W 92 St & Broadway,40.7921,-73.9739,0,456,848,830
314,164,E 47 St & 2 Ave,40.75323098,-73.97032517,3066,1549,1257,1250
315,383,Greenwich Ave & Charles St,40.735238,-74.000271,4881,3785,2122,2176
316,2008,Little West St & 1 Pl,40.70569254,-74.01677685,0,4598,1514,1525
317,508,W 46 St & 11 Ave,40.76341379,-73.99667444,4490,2730,1379,1405
318,3233,E 48 St & 5 Ave,40.75724568,-73.97805914,0,3533,2873,2866
319,3284,E 88 St & Park Ave,40.7814107,-73.95595908,0,274,464,433
320,83,Atlantic Ave & Fort Greene Pl,40.68382604,-73.97632328,1823,589,685,680
321,481,S 3 St & Bedford Ave,40.71260486,-73.96264403,2681,969,831,628
322,3438,E 76 St & 3 Ave,40.77224854,-73.95842135,0,387,667,672
323,357,E 11 St & Broadway,40.73261787,-73.99158043,2702,2077,1149,1140
324,280,E 10 St & 5 Ave,40.73331967,-73.99510132,2908,2208,1360,1388
325,3622,E 128 St & Madison Ave,40.807559999999995,-73.93918199999999,0,24,173,180
326,3283,W 89 St & Columbus Ave,40.7882213,-73.97041561,0,409,1009,785
327,423,W 54 St & 9 Ave,40.76584941,-73.98690506,3980,1913,1173,1184
328,388,W 26 St & 10 Ave,40.74971775,-74.00295035,4509,3331,1808,1888
329,3386,1 Pl & Clinton St,40.6809591,-73.99905709,0,400,318,305
330,3329,Degraw St & Smith St,40.6829151,-73.99318208,0,356,435,444
331,3382,Carroll St & Smith St,40.680611,-73.99475825,0,428,835,840
332,3603,31 Ave & 30 St,40.7647,-73.9240312,0,54,188,187
333,3354,3 St & Prospect Park West,40.668132,-73.97363831,0,258,501,391
334,3585,Union St & Bedford Ave,40.6691783,-73.9554162,0,93,98,95
335,3157,East End Ave & E 86 St,40.77518615,-73.94446054,0,294,222,209
336,3150,E 85 St & York Ave,40.77536905,-73.94803392,0,384,664,652
337,3517,31 St & Hoyt Ave N,40.771152799999996,-73.9170074,0,5,252,238
338,412,Forsyth St & Canal St,40.715815500000005,-73.99422366,4862,3505,1532,1528
339,2009,Catherine St & Monroe St,40.71117444,-73.99682619,0,1950,1004,1024
340,3306,10 St & 7 Ave,40.666207799999995,-73.98199886,0,143,450,404
341,3486,Schermerhorn St & Bond St,40.68841743,-73.98451656,0,851,746,752
342,268,Howard St & Centre St,40.71910537,-73.99973337,4424,3352,1630,1651
343,3515,24 Ave & 26 St,40.774591,-73.918544,0,12,151,139
344,3050,Putnam Ave & Throop Ave,40.6851532,-73.94111,0,281,344,348
345,3357,W 106 St & Amsterdam Ave,40.80083629999999,-73.96644925,0,210,422,365
346,441,E 52 St & 2 Ave,40.756014,-73.967416,4084,1508,1209,1197
347,3547,Broadway & Moylan Pl,40.8143256,-73.9590255,0,445,321,334
348,525,W 34 St & 11 Ave,40.75594159,-74.0021163,0,2940,1388,1498
349,3341,Central Park West & W 102 St,40.795346,-73.96186,0,204,446,434
350,3422,Columbia St & Degraw St,40.6859296,-74.00242364,0,501,469,493
351,328,Watts St & Greenwich St,40.72405549,-74.00965965,4455,3464,1566,1567
352,3134,3 Ave & E 62 St,40.76312584,-73.96526895,0,573,898,907
353,3290,E 89 St & York Ave,40.7779453,-73.94604100000001,0,0,690,699
354,3094,Graham Ave & Withers St,40.7169811,-73.94485918,0,157,292,296
355,3260,Mercer St & Bleecker St,40.72706363,-73.99662137,0,4466,2145,2181
356,3617,28 Ave & 35 St,40.7671,-73.9169858,0,37,241,221
357,3642,E 98 St & Lexington Ave,40.7872852,-73.95012259,0,0,133,139
358,3536,W 116 St & Broadway,40.8082,-73.9641,0,199,495,358
359,400,Pitt St & Stanton St,40.71926081,-73.98178024,1030,779,397,371
360,3523,24 Ave & 29 St,40.7729,-73.91614200000001,0,16,83,91
361,3156,E 72 St & York Ave,40.76663814,-73.95348296,0,844,1474,1502
362,244,Willoughby Ave & Hall St,40.69196035,-73.96536851,1762,949,807,678
363,354,Emerson Pl & Myrtle Ave,40.69363137,-73.96223558,1407,1002,621,586
364,495,W 47 St & 10 Ave,40.76269882,-73.99301222,4569,3084,1875,1901
365,3449,Eckford St & Engert Ave,40.72146256,-73.94800901,0,63,257,263
366,3489,Gold St & Frankfort St,40.71069995,-74.00354147,0,998,535,529
367,3405,5 St & 6 Ave,40.670483600000004,-73.98208968,0,145,368,333
368,3588,Vernon Blvd & 10 St,40.7671863,-73.9373554,0,21,156,170
369,528,2 Ave & E 31 St,40.74290902,-73.97706058,0,3679,2022,2021
370,3618,27 St & Hunter St,40.7485,-73.941275,0,71,146,156
371,2022,E 60 St & York Ave,40.759107,-73.959223,0,382,394,378
372,3584,Eastern Pkwy & Franklin Ave,40.670776700000005,-73.9576801,0,200,358,354
373,346,Bank St & Hudson St,40.73652889,-74.00618026,3862,2907,1727,1742
374,120,Lexington Ave & Classon Ave,40.68676793,-73.95928168,1258,579,393,339
375,3285,W 87 St & Amsterdam Ave,40.78839,-73.9747,0,560,779,710
376,3356,Amsterdam Ave & W 66 St,40.7746671,-73.98470567,0,676,808,791
377,3328,W 100 St & Manhattan Ave,40.795,-73.9645,0,209,617,560
378,503,E 20 St & Park Ave,40.73827428,-73.98751968,5129,3774,2278,2262
379,355,Bayard St & Baxter St,40.71602118,-73.99974372,3610,2874,1399,1425
380,249,Harrison St & Hudson St,40.71870987,-74.0090009,1862,1406,959,966
381,472,E 32 St & Park Ave,40.745712100000006,-73.98194829,7706,5103,2761,2705
382,311,Norfolk St & Broome St,40.7172274,-73.98802084,3468,2608,1266,1210
383,3256,Pier 40 - Hudson River Park,40.72771408,-74.01129574,0,4874,1004,1030
384,3540,Morningside Ave & W 123 St,40.81,-73.9551508,0,80,166,175
385,3305,E 91 St & 2 Ave,40.7811223,-73.94965589,0,651,885,916
386,3178,Riverside Dr & W 78 St,40.78414472,-73.98362492,0,888,429,429
387,3373,3 St & 3 Ave,40.675070500000004,-73.98775226,0,326,640,663
388,3117,Franklin St & Dupont St,40.735640000000004,-73.95866,0,182,407,409
389,3637,Fulton St & Waverly Ave,40.68323865,-73.96599591,0,760,570,568
390,3615,44 Dr & 21 St,40.748000000000005,-73.94609270000001,0,87,299,310
391,3402,Court St & State St,40.6902375,-73.99203074,0,1415,1254,1266
392,455,1 Ave & E 44 St,40.75001986,-73.96905301,3434,2131,1416,1406
393,3292,5 Ave & E 93 St,40.785785100000005,-73.957481,0,316,432,409
394,3106,Driggs Ave & N Henry St,40.72325,-73.94308000000001,0,130,690,693
395,3171,Amsterdam Ave & W 82 St,40.78524672,-73.97667321,0,684,1248,1129
396,433,E 13 St & Avenue A,40.72955361,-73.98057249,5270,3879,2417,1980
397,356,Bialystoker Pl & Delancey St,40.71622644,-73.98261206,1987,1206,1036,696
398,366,Clinton Ave & Myrtle Ave,40.693261,-73.968896,2540,1574,1178,1099
399,392,Jay St & Tech Pl,40.695065,-73.987167,2384,1706,727,794
400,3537,Carlton Ave & Dean St,40.68097410000001,-73.97100970000001,0,465,352,347
401,3358,Garfield Pl & 8 Ave,40.671197799999995,-73.97484126,0,190,381,355
402,2002,Wythe Ave & Metropolitan Ave,40.716887,-73.96319799999999,0,1136,1259,1352
403,3370,E 78 St & 2 Ave,40.7727966,-73.95577801,0,373,439,432
404,247,Perry St & Bleecker St,40.73535398,-74.00483091,3062,2291,817,832
405,3349,Grand Army Plaza & Plaza St West,40.6729679,-73.97087984,0,448,607,532
406,3616,Steinway St & 28 Ave,40.7656251,-73.9136695,0,11,262,253
407,408,Market St & Cherry St,40.71076228,-73.99400398,2017,1729,620,641
408,539,Metropolitan Ave & Bedford Ave,40.71534825,-73.96024116,0,1543,1607,1652
409,3592,Crescent St & Broadway,40.7633589,-73.92864709999999,0,107,260,243
410,309,Murray St & West St,40.7149787,-74.013012,3741,2781,1145,1131
411,3118,McGuinness Blvd & Eagle St,40.73555,-73.95284000000001,0,176,517,546
412,435,W 21 St & 6 Ave,40.74173969,-73.99415556,11385,8651,5093,5132
413,3113,Greenpoint Ave & Manhattan Ave,40.730259999999994,-73.95394,0,260,746,748
414,3565,36 Ave & 10 St,40.7614376,-73.9411265,0,32,139,143
415,3311,Columbia St & Kane St,40.68763155,-74.0016256,0,530,451,482
416,344,Monroe St & Bedford Ave,40.6851443,-73.95380904,1225,555,483,435
417,3454,Leonard St & Maujer St,40.71036854,-73.94705951,0,231,307,292
418,3243,E 58 St & 1 Ave,40.75892386,-73.96226227,0,1532,881,879
419,228,E 48 St & 3 Ave,40.7546011,-73.97187886,2694,1475,1043,1045
420,3161,W 76 St & Columbus Ave,40.78018397,-73.97728533,0,655,1430,1068
421,3323,W 106 St & Central Park West,40.798185600000004,-73.96059090000001,0,362,623,585
422,416,Cumberland St & Lafayette Ave,40.68753406,-73.97265183,1756,891,732,635
423,3390,E 109 St & 3 Ave,40.79329668,-73.9432083,0,45,233,234
424,454,E 51 St & 1 Ave,40.75455731,-73.96592976,2678,1632,704,705
425,3351,E 102 St & 1 Ave,40.7869946,-73.94164802,0,121,758,767
426,3569,Franklin Ave & St Marks Ave,40.6758324,-73.95616770000001,0,378,347,350
427,3054,Greene Ave & Throop Ave,40.6894932,-73.942061,0,177,299,295
428,3095,Graham Ave & Herbert St,40.71929301,-73.94500379,0,74,246,245
429,276,Duane St & Greenwich St,40.71748752,-74.0104554,2561,1883,838,862
430,3241,Monroe St & Tompkins Ave,40.686203000000006,-73.944694,0,335,286,286
431,3421,Hoyt St & Warren St,40.6843549,-73.98901629,0,158,247,261
432,3545,Broadway & W 122 St,40.8120562,-73.9612547,0,100,224,209
433,3407,Union St & Nevins St,40.679097999999996,-73.98765475,0,403,376,425
434,243,Fulton St & Rockwell Pl,40.688226,-73.979382,1158,1143,577,788
435,3587,Carroll St & Washington Ave,40.6686744,-73.9618148,0,85,87,83
436,3310,14 St & 7 Ave,40.663779,-73.98396846,0,119,395,347
437,3144,E 81 St & Park Ave,40.77677702,-73.95900970000001,0,188,274,243
438,406,Hicks St & Montague St,40.69512845,-73.99595065,2512,1270,991,860
439,3057,Kosciuszko St & Tompkins Ave,40.69128258,-73.9452416,0,239,276,284
440,3459,E 53 St & 3 Ave,40.75763228,-73.96930575,0,1750,1275,1272
441,3312,1 Ave & E 94 St,40.78172120000001,-73.94594000000001,0,307,590,623
442,144,Nassau St & Navy St,40.69839895,-73.98068914,895,479,205,236
443,474,5 Ave & E 29 St,40.7451677,-73.98683077,6014,3767,2417,2407
444,3140,1 Ave & E 78 St,40.77140426,-73.9535166,0,1296,1744,1797
445,3653,31 St & 35 Ave,40.75820465,-73.92832159999999,0,22,128,122
446,3472,W 15 St & 10 Ave,40.74275383,-74.00747359,0,3756,1213,1281
447,3553,Frederick Douglass Blvd & W 112 St,40.801694,-73.957145,0,266,465,526
448,3325,E 95 St & 3 Ave,40.7849032,-73.950503,0,0,327,313
449,3151,E 81 St & York Ave,40.7728384,-73.94989233,0,125,770,763
450,3552,W 113 St & Broadway,40.805973,-73.964928,0,157,518,384
451,3366,West End Ave & W 107 St,40.8021174,-73.96818053,0,252,390,326
452,167,E 39 St & 3 Ave,40.7489006,-73.97604882,4621,2988,1811,1810
453,248,Laight St & Hudson St,40.72185379,-74.00771779,1391,1060,615,619
454,3236,W 42 St & Dyer Ave,40.75898481,-73.99379969,0,2728,2040,2128
455,3303,Butler St & Court St,40.6849894,-73.99440329,0,327,394,408
456,3064,Myrtle Ave & Lewis Ave,40.69681963,-73.93756926,0,526,384,377
457,3383,Cathedral Pkwy & Broadway,40.804213,-73.96699104,0,336,689,611
458,262,Washington Park,40.6917823,-73.97372990000001,1546,921,558,468
459,522,E 51 St & Lexington Ave,40.75714758,-73.97207836,0,1202,1423,1434
460,3501,E 118 St & Madison Ave,40.801486600000004,-73.9442507,0,39,132,129
461,3180,Brooklyn Bridge Park - Pier 2,40.69878,-73.99712,0,891,160,175
462,494,W 26 St & 8 Ave,40.74734825,-73.99723551,7044,5002,2838,2848
463,79,Franklin St & W Broadway,40.71911552,-74.00666661,3189,2395,1106,1155
464,304,Broadway & Battery Pl,40.70463334,-74.01361706,6053,4618,1474,1723
465,3232,Bond St & Fulton St,40.68962189,-73.98304269,0,1411,818,880
466,349,Rivington St & Ridge St,40.71850211,-73.98329859,2151,1612,769,727
467,332,Cherry St,40.71219906,-73.97948148,2158,1766,631,642
468,3376,E 65 St & 2 Ave,40.76471852,-73.9622207,0,390,627,634
469,3307,West End Ave & W 94 St,40.7941654,-73.974124,0,544,498,463
470,534,Water - Whitehall Plaza,40.70255065,-74.0127234,0,1929,889,889
471,241,DeKalb Ave & S Portland Ave,40.68981035,-73.97493121,1663,852,557,476
472,3176,W 64 St & West End Ave,40.77452835,-73.98753759,0,1149,1005,980
473,426,West St & Chambers St,40.71754834,-74.01322069,13539,9765,2700,2761
474,3374,Central Park North & Adam Clayton Powell Blvd,40.799484,-73.955613,0,635,644,725
475,3159,W 67 St & Broadway,40.77492513,-73.98266566,0,1551,1843,1777
476,3474,6 Ave & Spring St,40.725255700000005,-74.00412083,0,3243,1112,1132
477,3461,Murray St & Greenwich St,40.71485151,-74.01122332,0,3005,1103,1143
478,3423,West Drive & Prospect Park West,40.66106337,-73.97945255,0,386,864,849
479,3497,Pleasant Ave & E 116 St,40.794987899999995,-73.9333349,0,41,506,490
480,385,E 55 St & 2 Ave,40.75797322,-73.96603308,0,0,1535,1528
481,3404,7 St & 5 Ave,40.670492200000005,-73.98541675,0,244,314,318
482,3580,St Johns Pl & Washington Ave,40.6737236,-73.9631611,0,293,270,258
483,3315,Henry St & Degraw St,40.684751399999996,-73.99917254,0,793,838,868
484,2023,E 55 St & Lexington Ave,40.75968085,-73.97031366,0,130,1039,1049
485,343,Clinton Ave & Flushing Ave,40.69794,-73.96986848,945,457,318,384
486,365,Fulton St & Grand Ave,40.68223166,-73.9614583,1227,584,458,415
487,3503,Madison Ave & E 120 St,40.80295,-73.942954,0,26,77,95
488,3365,3 St & 7 Ave,40.67038370000001,-73.97839676,0,246,519,482
489,3319,14 St & 5 Ave,40.666287,-73.98895053,0,215,363,362
490,3166,Riverside Dr & W 72 St,40.78057799,-73.98562431,0,1491,681,684
491,3060,Willoughby Ave & Tompkins Ave,40.69425403,-73.94626915,0,174,204,196
492,526,E 33 St & 5 Ave,40.74765947,-73.98490707,0,351,2119,2106
493,3286,E 89 St & 3 Ave,40.7806284,-73.9521667,0,0,729,738
494,119,Park Ave & St Edwards St,40.69608941,-73.97803415,305,286,239,269
495,3352,Sigourney St & Columbia St,40.67267243,-74.00879525,0,73,94,105
496,3398,Smith St & 9 St,40.67469570000001,-73.99785768,0,175,536,505
497,3067,Broadway & Whipple St,40.7016657,-73.9437303,0,195,305,321
498,3455,Schermerhorn St & 3 Ave,40.68680821,-73.98036182,0,128,319,353
499,456,E 53 St & Madison Ave,40.75971079999999,-73.97402311,6926,3715,1487,1498
500,310,State St & Smith St,40.68926942,-73.98912867,1948,996,811,823
501,3173,Riverside Blvd & W 67 St,40.77750703,-73.98888588,0,1591,855,850
502,3591,21 St & 31 Dr,40.7659,-73.930819,0,73,171,188
503,530,11 Ave & W 59 St,40.771522,-73.99054100000001,0,2688,1808,1825
504,261,Johnson St & Gold St,40.69474881,-73.98362464,1697,951,525,558
505,3056,Kosciuszko St & Nostrand Ave,40.69072549,-73.95133465,0,197,208,205
506,414,Pearl St & Anchorage Pl,40.70281858,-73.98765762,2364,1614,438,529
507,3244,University Pl & E 8 St,40.73143724,-73.99490342,0,2406,1864,1830
508,3521,Lenox Ave & W 111 St,40.7987859,-73.9523,0,292,642,634
509,3583,Eastern Pkwy & Washington Ave,40.6716493,-73.9631145,0,278,201,182
510,3401,2 Ave & 9 St,40.6724811,-73.99331394,0,82,191,201
511,363,West Thames St,40.70834698,-74.01713445,4663,3359,1194,1211
512,3316,W 104 St & Amsterdam Ave - 1,40.798993700000004,-73.96621738,0,137,412,344
513,216,Columbia Heights & Cranberry St,40.70037867,-73.99548059,1000,589,228,161
514,3324,3 Ave & 14 St,40.6685455,-73.99333264,0,151,223,278
515,3561,37 Ave & 35 St,40.7531106,-73.9279917,0,26,139,138
516,3388,President St & Henry St,40.6828003,-73.99990419,0,429,327,316
517,3542,Amsterdam Ave & W 119 St,40.8086249,-73.9596214,0,55,404,329
518,3549,Grand Ave & Bergen St,40.678045000000004,-73.962408,0,351,338,335
519,3434,W 88 St & West End Ave,40.79025417,-73.9771834,0,86,554,547
520,422,W 59 St & 10 Ave,40.770513,-73.988038,3301,1531,1107,1057
521,417,Barclay St & Church St,40.71291224,-74.01020234,5674,4265,1901,1903
522,360,William St & Pine St,40.70717936,-74.00887308,2363,1757,717,717
523,3369,E 82 St & East End Ave,40.7724607,-73.9468208,0,319,446,445
524,3082,Hope St & Union Ave,40.71167351,-73.95141312,0,527,450,426
525,3080,S 4 St & Rodney St,40.709340000000005,-73.95608,0,312,354,341
526,3581,Underhill Ave & Lincoln Pl,40.674012299999994,-73.9671457,0,263,371,362
527,143,Clinton St & Joralemon St,40.69239502,-73.99337909,2448,569,1041,1034
528,270,Adelphi St & Myrtle Ave,40.69308257,-73.97178913,1930,1339,983,967
529,3403,4 Ave & 9 St,40.6705135,-73.98876585,0,157,351,415
530,3524,19 St & 24 Ave,40.777455200000006,-73.9225403,0,17,157,147
531,3507,Park Ave & E 124 St,40.8045555,-73.93968609999999,0,82,863,879
532,3332,Degraw St & Hoyt St,40.68199044,-73.99079025,0,291,285,289
533,3562,Classon Ave & St Marks Ave,40.676519799999994,-73.9596082,0,289,362,352
534,3295,Central Park W & W 96 St,40.791270000000004,-73.964839,0,703,908,793
535,3509,Lenox Ave & W 115 St,40.8011939,-73.9500739,0,65,381,405
536,232,Cadman Plaza E & Tillary St,40.69597683,-73.99014892,1740,1218,397,337
537,3296,E 93 St & 2 Ave,40.78245418,-73.94891962,0,179,323,363
538,3564,21 St & 36 Ave,40.760185299999996,-73.9362726,0,10,45,35
539,3544,Underhill Ave & Pacific St,40.6804836,-73.9646795,0,374,297,292
540,418,Front St & Gold St,40.70224,-73.982578,1384,827,458,483
541,3419,Douglass St & 4 Ave,40.67927879999999,-73.98154004,0,423,473,506
542,427,Bus Slip & State St,40.701907,-74.013942,3279,2252,618,647
543,3397,Court St & Nelson St,40.6763947,-73.99869893,0,245,388,394
544,217,Old Fulton St,40.70277159,-73.99383605,4151,2771,679,918
545,421,Clermont Ave & Park Ave,40.69573398,-73.97129668,908,574,264,245
546,3415,Prospect Pl & 6 Ave,40.6793307,-73.97519523,0,322,486,493
547,3072,Leonard St & Boerum St,40.70583339,-73.94644578,0,157,147,143
548,3599,Franklin Ave & Empire Blvd,40.663140000000006,-73.96056949999999,0,263,269,312
549,3177,W 84 St & Broadway,40.7867947,-73.977112,0,595,1007,831
550,327,Vesey Pl & River Terrace,40.715337899999994,-74.01658354,8117,5873,2140,2180
551,3604,Rogers Ave & Sterling St,40.6630619,-73.95387459999999,0,75,85,96
552,3412,Pacific St & Nevins St,40.6853761,-73.98302136,0,430,456,462
553,3417,Baltic St & 5 Ave,40.6795766,-73.97854971,0,466,603,643
554,3071,Boerum St & Broadway,40.70538077,-73.94976519,0,200,240,243
555,3530,Crescent St & Ditmars Blvd,40.7787185,-73.9145645,0,12,69,74
556,3338,2 Ave & E 99 St,40.786258600000004,-73.94552579,0,34,276,271
557,3577,34 Ave & 21 St,40.762813799999996,-73.9342862,0,16,158,159
558,3597,43 St & Broadway,40.7577284,-73.9166368,0,62,137,130
559,72,W 52 St & 11 Ave,40.76727216,-73.99392888,4559,2794,1324,1322
560,420,Clermont Ave & Lafayette Ave,40.68764484,-73.96968902,1205,549,413,305
561,3579,Sterling Pl & Bedford Ave,40.672695000000004,-73.954131,0,186,184,177
562,3510,Adam Clayton Powell Blvd & W 123 St,40.8078316,-73.949373,0,62,279,296
563,484,W 44 St & 5 Ave,40.75500254,-73.98014437,812,485,2236,2233
564,3601,Sterling St & Bedford Ave,40.6627059,-73.9569115,0,55,95,101
565,397,Fulton St & Clermont Ave,40.68415748,-73.96922273,919,384,369,285
566,3331,Riverside Dr & W 104 St,40.8013434,-73.97114574,0,589,361,314
567,242,Carlton Ave & Flushing Ave,40.697787,-73.973736,1306,770,615,657
568,3363,E 102 St & Park Ave,40.7904828,-73.95033068,0,47,246,261
569,3387,E 106 St & Madison Ave,40.79343370000001,-73.94945003,0,48,260,264
570,3477,39 St & 2 Ave - Citi Bike HQ at Industry City,40.65539977,-74.01062787,0,77,78,95
571,3586,34 Ave & 13 St,40.763875299999995,-73.9364848,0,5,83,93
572,3556,24 St & 41 Ave,40.752708500000004,-73.9397405,0,34,260,256
573,3126,44 Dr & Jackson Ave,40.74718234,-73.9432635,0,124,395,394
574,3570,35 Ave & 37 St,40.7557327,-73.92366109999999,0,37,223,211
575,3145,E 84 St & Park Ave,40.77862688,-73.95772073,0,374,718,701
576,3571,Bedford Ave & Bergen St,40.676368,-73.95291800000001,0,286,282,275
577,3130,21 St & Queens Plaza North,40.75325964,-73.94335788,0,28,269,263
578,3109,Banker St & Meserole Ave,40.72606,-73.95621,0,310,583,597
579,313,Washington Ave & Park Ave,40.69610226,-73.96751037,1469,821,591,644
580,3073,Division Ave & Hooper St,40.70691254,-73.95441667,0,235,255,238
581,3546,Pacific St & Classon Ave,40.67919439999999,-73.95879029999999,0,110,147,148
582,3242,Schermerhorn St & Court St,40.69102926,-73.99183363,0,703,703,675
583,3136,5 Ave & E 63 St,40.766368,-73.971518,0,595,774,774
584,157,Henry St & Atlantic Ave,40.69089272,-73.99612349,2238,1207,776,741
585,3399,7 St & 3 Ave,40.67260298,-73.98983002,0,143,215,236
586,3235,E 41 St & Madison Ave,40.75216528,-73.97992194,0,3618,1592,1539
587,3462,E 44 St & 2 Ave,40.75118387,-73.97138715,0,1301,699,700
588,3068,Humboldt St & Varet St,40.7031724,-73.940636,0,231,240,269
589,3573,35 St & 34 Ave,40.7580583,-73.92427509999999,0,23,132,129
590,373,Willoughby Ave & Walworth St,40.69331716,-73.95381995,540,336,180,178
591,351,Front St & Maiden Ln,40.70530954,-74.00612572,3100,2404,1000,1019
592,3589,Broadway & 12 St,40.7668,-73.93477740000002,0,9,164,165
593,3042,Fulton St & Utica Ave,40.6794268,-73.92989109999999,0,220,179,172
594,3343,W 107 St & Columbus Ave,40.7997568,-73.96211287,0,90,371,341
595,3538,W 110 St & Amsterdam Ave,40.802692,-73.96295,0,159,390,356
596,437,Macon St & Nostrand Ave,40.68098339,-73.95004798,1535,328,753,694
597,3375,3 Ave & E 72 St,40.7699426,-73.96060712,0,290,455,448
598,3355,E 66 St & Madison Ave,40.76800889,-73.96845281,0,0,376,358
599,3491,E 118 St & 1 Ave,40.797470000000004,-73.93504,0,31,128,126
600,3582,Lincoln Pl & Classon Ave,40.672168299999996,-73.9609,0,80,93,98
601,3321,Clinton St & Union St,40.683116399999996,-73.99785267,0,413,410,407
602,3078,Broadway & Roebling St,40.70924826,-73.96063149,0,914,732,727
603,3347,Van Brunt St & Wolcott St,40.6773429,-74.01275056,0,207,225,287
604,3077,Stagg St & Union Ave,40.70877084,-73.95095259,0,466,414,408
605,3625,28 St & 40 Ave,40.752575799999995,-73.9364281,0,25,90,84
606,3112,Milton St & Franklin St,40.72906,-73.95779,0,730,1080,1099
607,3381,3 St & Hoyt St,40.6777287,-73.99364123,0,205,287,271
608,3049,Cambridge Pl & Gates Ave,40.68488,-73.96304,0,477,335,336
609,3555,28 St & 41 Ave,40.751047,-73.93796999999999,0,47,268,269
610,3499,2 Ave & E 122 St,40.8006721,-73.9349,0,20,102,94
611,3396,Clinton St & 4 Place,40.6783563,-74.00014502,0,325,408,412
612,3074,Montrose Ave & Bushwick Ave,40.70767788,-73.94016171,0,198,463,456
613,3614,Crescent St & 30 Ave,40.768692,-73.9249574,0,28,225,247
614,3594,Montgomery St & Franklin Ave OLD,40.6661649,-73.95934840000001,0,0,5,9
615,3605,31 Ave & Crescent St,40.765834600000005,-73.9265474,0,24,254,251
616,3367,5 Ave & E 103 St,40.792255299999994,-73.95249933,0,291,663,682
617,399,Lafayette Ave & St James Pl,40.68851534,-73.9647628,1606,658,660,385
618,3058,Lewis Ave & Kosciuszko St,40.69237074,-73.93705428,0,217,175,165
619,3132,E 59 St & Madison Ave,40.76350532,-73.97109243,0,1008,1400,1389
620,3393,Richards St & Delavan St,40.67943270000001,-74.00785041,0,81,138,151
621,3505,Lexington Ave & E 127 St,40.805726,-73.936322,0,14,84,86
622,3322,12 St & 4 Ave,40.668603000000004,-73.99043940000001,0,142,166,180
623,3075,Division Ave & Marcy Ave,40.70708701,-73.95796783,0,128,80,87
624,3152,3 Ave & E 71 St,40.76873687,-73.96119945,0,341,539,512
625,3129,Queens Plaza North & Crescent St,40.75110165,-73.94073717,0,545,722,737
626,465,Broadway & W 41 St,40.75513557,-73.98658032,7784,5003,3128,3132
627,3076,Scholes St & Manhattan Ave,40.70870368,-73.9448625,0,458,418,418
628,323,Lawrence St & Willoughby St,40.69236178,-73.98631746,2630,1385,1288,1302
629,3169,Riverside Dr & W 82 St,40.78720869,-73.98128127,0,873,550,549
630,3513,21 St & Hoyt Ave S,40.774645,-73.92370600000001,0,18,69,61
631,3362,Madison Ave & E 82 St,40.7781314,-73.96069399,0,677,623,605
632,3061,Throop Ave & Myrtle Ave,40.69622937,-73.94371094,0,95,119,115
633,3408,Congress St & Clinton St,40.6881529,-73.99520919,0,587,573,587
634,3043,Lewis Ave & Decatur St,40.6814598,-73.934903,0,155,98,98
635,3539,W 116 St & Amsterdam Ave,40.8067581,-73.9607082,0,83,649,463
636,3091,Frost St & Meeker St,40.71764,-73.94882,0,94,175,173
637,372,Franklin Ave & Myrtle Ave,40.69454609,-73.95801365,683,307,217,217
638,3551,3 Ave & E 112 St,40.795508,-73.94160600000001,0,26,152,144
639,3511,Adam Clayton Powell Blvd & W 115 St,40.802535,-73.9532423,0,66,170,191
640,3568,34 St & 35 Ave,40.756933200000006,-73.92622309999999,0,28,257,258
641,533,Broadway & W 38 St,40.75299641,-73.98721619,0,2950,1419,1406
642,3535,Mt Morris Park W & W 120 St,40.804038,-73.945925,0,62,304,316
643,3575,Crescent St & 34 Ave,40.76108,-73.930562,0,22,131,126
644,3543,Morningside Dr & Amsterdam Ave,40.81028506,-73.95736456,0,24,107,107
645,390,Duffield St & Willoughby St,40.69221589,-73.9842844,1079,579,796,830
646,3046,Marcus Garvey Blvd & Macon St,40.682601,-73.938037,0,201,207,212
647,3179,Park Ave & Marcus Garvey Blvd,40.698617,-73.941342,0,123,149,143
648,457,Broadway & W 58 St,40.76695317,-73.98169333,7771,2943,3031,2957
649,3070,McKibbin St & Manhattan Ave,40.70510918,-73.94407279,0,195,144,149
650,3623,W 120 St & Claremont Ave,40.8109494,-73.9634,0,130,256,183
651,3424,E 106 St & Lexington Ave,40.791976,-73.945993,0,49,126,125
652,3532,Ditmars Blvd & 19 St,40.78145,-73.9183302,0,15,185,181
653,337,Old Slip & Front St,40.703799200000006,-74.00838676,2145,1670,796,809
654,3121,Jackson Ave & 46 Rd,40.74524768,-73.94733276,0,56,190,196
655,3458,W 55 St & 6 Ave,40.76309387,-73.97835016,0,285,2060,2046
656,3410,Dean St & Hoyt St,40.686444200000004,-73.98759104,0,615,380,385
657,3103,N 11 St & Wythe Ave,40.72153267,-73.95782357,0,0,301,298
658,278,Concord St & Bridge St,40.69766564,-73.98476437,950,577,248,232
659,468,Broadway & W 56 St,40.7652654,-73.98192338,5509,2762,2125,1939
660,516,E 47 St & 1 Ave,40.75206862,-73.96784384,2144,1202,693,703
661,387,Centre St & Chambers St,40.71273266,-74.0046073,8250,6315,2578,2581
662,3520,Adam Clayton Powell Blvd & W 118 St,40.804372,-73.951475,0,65,198,202
663,469,Broadway & W 53 St,40.76344058,-73.98268129,6397,2249,1544,1482
664,3606,49 Ave & 21 St,40.74252,-73.948852,0,28,141,146
665,3395,Henry St & W 9 St [old],40.6763744,-74.00324957,0,0,57,57
666,3371,4 Ave & 2 St,40.67461342,-73.98501143,0,180,239,277
667,3391,E 106 St & 1 Ave,40.7892529,-73.93956237,0,38,213,212
668,500,Broadway & W 51 St,40.76228826,-73.98336183,3984,2337,1697,1651
669,173,Broadway & W 49 St,40.76068327,-73.98452729,7010,4003,2744,2752
670,3384,Smith St & 3 St,40.678724200000005,-73.99599099,0,277,418,407
671,3443,W 52 St & 6 Ave,40.76132983,-73.97982001,0,944,2913,3079
672,398,Atlantic Ave & Furman St,40.69165183,-73.99997859999999,3175,1221,396,424
673,3452,Bayard St & Leonard St,40.71915572,-73.94885391,0,126,297,302
674,3646,35 Ave & 10 St,40.76315482,-73.9398551,0,1,100,100
675,3478,2 Ave & 36 St - Citi Bike HQ at Industry City,40.65708867,-74.00870204,0,239,246,289
676,3514,Astoria Park S & Shore Blvd,40.7767,-73.927631,0,5,90,94
677,3493,E 118 St & 3 Ave,40.799139000000004,-73.9389152,0,42,140,141
678,3506,Lexington Ave & E 120 St,40.8013066,-73.93981670000001,0,19,88,107
679,3342,Pioneer St & Richards St,40.677774799999995,-74.0094613,0,33,80,110
680,3490,E 116 St & 2 Ave,40.796879,-73.93726099999999,0,24,129,121
681,3498,Pleasant Ave & E 120 St,40.7974772,-73.9311847,0,14,99,104
682,3500,E 115 St & Madison Ave,40.7989445,-73.944846,0,34,139,142
683,3531,Frederick Douglass Blvd & W 129 St,40.8125511,-73.9492286,0,77,170,186
684,3598,Newton Rd & 44 St,40.7595701,-73.91426779999999,0,38,102,99
685,3494,E 115 St & Lexington Ave,40.797911,-73.9423,0,46,181,181
686,3495,E 114 St & 1 Ave,40.79456629999999,-73.9362541,0,27,106,116
687,3348,Coffey St & Conover St,40.677236,-74.015665,0,181,118,139
688,3563,28 St & 36 Ave,40.757186,-73.93271899999999,0,44,257,251
689,3609,Vernon Blvd & 31 Ave,40.7692475,-73.93545040000001,0,1,113,132
690,3644,Van Dyke St & Van Brunt St,40.67581623,-74.01488185,0,0,163,197
691,3566,Crescent St & 35 Ave,40.7596276,-73.93214549999999,0,43,155,152
692,3125,45 Rd & 11 St,40.74708586,-73.94977234,0,116,402,424
693,3123,31 St & Thomson Ave,40.74469738,-73.93540375,0,75,157,159
694,3059,Pulaski St & Marcus Garvey Blvd,40.693398200000004,-73.939877,0,73,112,114
695,3527,5 Ave & E 126 St,40.806979999999996,-73.94174699999999,0,19,136,126
696,3469,India St & West St,40.73181402,-73.95995021,0,74,242,246
697,3504,E 123 St & Lexington Ave,40.802926299999996,-73.9379,0,17,149,170
698,2001,Sands St & Navy St,40.699773,-73.979927,0,341,219,252
699,3066,Tompkins Ave & Hopkins St,40.69957608,-73.94708417,0,214,186,184
700,3554,Vernon Blvd & 41 Rd,40.7552433,-73.94856779999999,0,16,44,52
701,3522,37 St & 24 Ave,40.7701477,-73.9120938,0,14,133,136
702,3337,Dwight St & Van Dyke St,40.67363551,-74.01195556,0,83,72,105
703,3053,Marcy Ave & Lafayette Ave,40.6900815,-73.94791500000001,0,166,73,72
704,3492,E 118 St & Park Ave,40.8005385,-73.9419949,0,10,39,50
705,3063,Nostrand Ave & Myrtle Ave,40.69527008,-73.95238108,0,164,139,140
706,3333,Columbia St & Lorraine St,40.6747055,-74.00755720000001,0,19,30,39
707,3541,Amsterdam Ave & W 125 St,40.813358,-73.956461,0,161,129,132
708,3610,Vernon Blvd & 30 Rd,40.770845,-73.93417099999999,0,10,157,177
709,3309,E 97 St & 3 Ave,40.7859201,-73.94860294,0,83,140,147
710,3456,Jackson St & Leonard St,40.71638032,-73.94821286,0,82,84,85
711,3065,Union Ave & Wallabout St,40.70029511,-73.95032283,0,129,122,122
712,3629,Adam Clayton Powell Blvd & W 126 St,40.80949535,-73.94776493,0,60,63,111
713,3607,31 Ave & 14 St,40.7682,-73.9322662,0,3,98,111
714,3612,30 Ave & 21 St,40.77037429999999,-73.9286078,0,13,80,81
715,3528,Steinway St & 23 Ave,40.771393700000004,-73.9077436,0,36,97,100
716,3127,9 St & 44 Rd,40.74966,-73.9521,0,29,84,92
717,3340,Wolcott St & Dwight St,40.6753274,-74.0100698,0,40,63,81
718,3120,Center Blvd & Borden Ave,40.741609999999994,-73.96044,0,17,112,107
719,3654,31 St & Northern Blvd,40.75186951,-73.9334929,0,48,108,109
720,3392,Commerce St & Van Brunt St,40.681211700000006,-74.00860912,0,124,169,197
721,3647,48 Ave & 30 Pl,40.74128309,-73.93725872,0,39,92,93
722,3441,10 Hudson Yards,40.752957,-74.00264,0,361,175,183
723,3221,47 Ave & 31 St,40.743,-73.93561,0,55,144,147
724,3122,48 Ave & 5 St,40.74436329,-73.95587325,0,47,117,118
725,3128,21 St & 43 Ave,40.75052534,-73.94594845,0,22,104,104
726,3468,NYCBS Depot - STY - Garage 4,40.730380100000005,-73.9747502,0,52,39,56
727,3525,23 Ave & 27 St,40.776165,-73.9153175,0,5,52,71
728,3596,Sullivan Pl & Bedford Ave,40.6642406,-73.9574686,0,29,24,28
729,3512,27 Ave & 4 St,40.7747175,-73.93378940000001,0,2,11,33
730,3567,11 St & 35 Ave,40.76274420000001,-73.9391141,0,0,87,82
731,2005,Railroad Ave & Kay Ave,40.70531194,-73.97100056,0,49,65,80
732,3326,Clinton St & Centre St,40.67434,-74.00194698,0,31,76,85
733,3658,W 18 St & 9 Ave,40.74353373,-74.00367558,0,2251,1017,1037
734,3330,Henry St & Bay St,40.672505799999996,-74.00494695,0,32,26,39
735,3327,3 Ave & E 100 St,40.787721399999995,-73.94728331,0,53,112,115
736,3620,11 St & 43 Ave,40.7519071,-73.94791190000001,0,5,25,35
737,3621,27 Ave & 9 St,40.7739825,-73.93091340000001,0,15,67,73
738,3631,Crown St & Bedford Ave,40.666563000000004,-73.95674100000001,0,42,27,28
739,3590,Carroll St & Franklin Ave,40.6679411,-73.9588,0,51,37,34
740,3557,40 Ave & 9 St,40.75742,-73.945133,0,6,23,27
741,260,Broad St & Bridge St,40.70365182,-74.01167797,125,122,638,649
742,3437,Riverside Dr & W 91 St,40.79313481,-73.97700369,0,776,237,197
743,345,W 13 St & 6 Ave,40.73649403,-73.99704374,4878,3896,1754,1762
744,3488,8D QC Station 01,45.50636405,-73.56946349,0,0,1,1
745,3432,NYCBS Depot - GOW,40.66906014,-73.99463654,0,25,10,22
746,223,W 13 St & 7 Ave,40.73781509,-73.99994661,4483,3546,1183,1208
747,3559,21 St & 38 Ave,40.7576314,-73.9391224,0,0,29,24
748,3239,Bressler,40.64653837,-74.01658773,0,0,11,11
749,253,W 13 St & 5 Ave,40.73543934,-73.99453948,3635,2655,1322,1327
750,3661,Montgomery St & Franklin Ave,40.66643931,-73.96055639,0,39,41,49
751,3659,W 17 St & 9 Ave,40.74294892,-74.00413692,0,3366,849,876
752,3650,8D Mobile 01,45.50626419,-73.56890559,0,0,35,35
753,3656,E 2 St & Avenue A,40.72307749,-73.98583621,0,3262,818,862
754,3485,NYCBS Depot - RIS,40.725208,-73.974724,0,10,2,2
755,3660,W 16 St & 8 Ave,40.74102151,-74.00138497,0,2600,1092,1092
756,3663,Sterling Pl & 7 Ave,40.67716489,-73.97382796,0,292,206,207
757,3649,W 129 St & Convent Ave,40.81439444,-73.95324737,0,97,29,35
758,3250,NYCBS Depot - PIT,40.71690978,-73.98383796,0,0,1,1
759,3664,North Moore St & Greenwich St,40.72019521,-74.01030064,0,3783,214,214
760,428,E 3 St & 1 Ave,40.72467721,-73.98783413,0,0,1,4
761,316,Fulton St & William St,40.70955958,-74.00653609,2637,2047,118,114
762,3662,31 Ave & Steinway St,40.7612939,-73.91691685,0,35,1,1
763,298,3 Ave & Schermerhorn St,40.68683208,-73.9796772,1253,549,0,0
764,3245,NYCBS DEPOT - DELANCEY,40.71644423,-73.98233056,0,50,0,12
765,3652,NYCBS Depot - 3AV,40.67013328,-73.99230838,0,0,0,1
766,3184,Paulus Hook,40.7141454,-74.0335519,0,2,0,2
767,3428,8 Ave & W 16 St,40.740983,-74.00170200000001,0,0,0,1
768,3240,NYCBS Depot BAL - DYR,40.75903008,-73.9938587,0,21,0,1
769,3686,Gansevoort St & Hudson St,40.739448200000005,-74.00507033,0,5198,0,0
770,3684,W 12 St & W 4 St,40.73756121,-74.00398269,0,3009,0,0
771,3680,E 43 St & 5 Ave,40.75412081,-73.98025185,0,2693,0,0
772,3669,Henry St & W 9 St,40.67630358,-74.00314048,0,44,0,0
773,3674,Jay St & York St,40.70140317,-73.9867267,0,2354,0,0
774,3457,E 58 St & Madison Ave,40.76302594,-73.97209525,0,1236,0,0
775,3673,Dean St & Franklin Ave,40.67759207,-73.95563722,0,416,0,0
776,3676,Van Brunt St & Van Dyke St,40.67583294,-74.01472628,0,312,0,0
777,3671,E 81 St & 2 Ave,40.77477945,-73.95427465,0,97,0,0
778,3628,Lenox Ave & W 117 St,40.8025566,-73.9490782,0,78,0,0
779,3675,3 Ave & E 95 St,40.7845968,-73.94968539,0,196,0,0
780,3668,Leonard St & Nassau Ave,40.72395678,-73.94984365,0,166,0,0
781,3299,E 98 St & Park Ave,40.788129999999995,-73.95206,0,47,0,0
782,3666,32 St & 30 Ave,40.76642553,-73.92062902,0,29,0,0
783,3275,Columbus Drive,40.718355200000005,-74.03891444,0,2,0,0
784,3254,Soissons Landing,40.69231661,-74.01486576,0,24,0,0
785,3182,Yankee Ferry Terminal,40.686931,-74.016966,0,9,0,0
786,3608,5 St & 51 Ave,40.7423737,-73.9566,0,23,0,0
787,3214,Essex Light Rail,40.712774200000005,-74.03648570000001,0,1,0,0
788,3198,Heights Elevator,40.74871595,-74.04044329999999,0,1,0,0
789,3199,Newport Pkwy,40.728744799999994,-74.03210820000001,0,1,0,0
790,3276,Marin Light Rail,40.71458404,-74.04281706,0,4,0,0
791,3479,Picnic Point,40.6851256,-74.02535319,0,8,0,0
792,3267,Morris Canal,40.71241882,-74.03852552,0,2,0,0
793,3192,Liberty Light Rail,40.711242299999995,-74.0557013,0,2,0,0
794,3687,E 33 St & 1 Ave,40.74322681,-73.97449784,0,1217,0,0
795,3651,Bike Mechanics at Riis Room A,40.72522577,-73.97468617,0,1,0,0
796,3688,2 Ave & E 55 St,40.75792021,-73.96638215,0,277,0,0
797,3689,W 104 St & Amsterdam Ave,40.79904139,-73.96649479999999,0,62,0,0
798,3692,5 St & Market St,40.69999748,-73.97440128,0,3,0,0
799,3691,28 Ave & 44 St,40.76408932,-73.91065121,0,2,0,0
