,Station_ID,Station_name,Lat,Lng,Summer_Pop_Start,Summer_Pop_End,Summer_Dist,Winter_Pop_Start,Winter_Pop_End,Winter Dist
0,315,South St & Gouverneur Ln,40.70355377,-74.00670227,6122,4497,20.44001253542624,1395,1478,16.466439339554935
1,3224,W 13 St & Hudson St,40.73997354,-74.00513873,0,0,NaN,2108,2192,10.99954121183359
2,386,Centre St & Worth St,40.71494807,-74.00234482,2963,2212,16.420864280891273,1025,1022,12.05555013020832
3,466,W 25 St & 6 Ave,40.74395411,-73.99144871,5913,4338,12.222674221921498,2472,2518,9.966754314994615
4,438,St Marks Pl & 1 Ave,40.72779126,-73.98564945,5548,4282,12.729325275121806,2287,2347,10.605869058034417
5,453,W 22 St & 8 Ave,40.74475148,-73.99915362,8705,6662,12.270463165153405,2428,2455,9.34593981863149
6,3092,Berry St & N 8 St,40.7190095,-73.95852515,0,878,NaN,944,931,8.442302259887013
7,3534,Frederick Douglass Blvd & W 117 St,40.805159,-73.95469200000001,0,285,NaN,573,583,12.93280885780885
8,336,Sullivan St & Washington Sq,40.73047747,-73.99906065,4910,3763,13.329840461642902,1928,1999,10.256206777316748
9,319,Fulton St & Broadway,40.711065999999995,-74.009447,4885,3635,16.269299863387932,1563,1545,12.014732905982902
10,507,E 25 St & 2 Ave,40.73912601,-73.97973776,5215,3573,12.901653236121783,2345,2338,10.461262798634793
11,483,E 12 St & 3 Ave,40.73223272,-73.98889957,5733,4403,11.769295643575884,2521,2566,8.78364405659131
12,3413,Wyckoff St & 3 Ave,40.6827549,-73.98258555,0,316,NaN,347,377,8.231027857829005
13,146,Hudson St & Reade St,40.71625008,-74.0091059,3418,2576,14.043664032777263,980,966,10.298945578231288
14,308,St James Pl & Oliver St,40.71307916,-73.99851193,2479,1957,13.056374528809894,999,1017,9.365195586760287
15,3168,Central Park West & W 85 St,40.78472675,-73.96961715,0,931,NaN,1320,1366,13.740805471124647
16,460,S 4 St & Wythe Ave,40.71285887,-73.96590294,4837,1408,14.579998619165973,1272,1175,11.14536380351983
17,490,8 Ave & W 33 St,40.751551,-73.993934,10302,7026,14.468485436893229,4281,4368,11.20667678891225
18,501,FDR Drive & E 35 St,40.744219,-73.97121214,5311,3710,17.603815715093376,1566,1525,14.460347399829503
19,353,S Portland Ave & Hanson Pl,40.68539567,-73.97431458,1301,569,12.258630490956083,498,469,9.443842034805884
20,3137,5 Ave & E 73 St,40.77282817,-73.96685276,0,965,NaN,1260,1237,15.747445062218727
21,3062,Myrtle Ave & Marcy Ave,40.69539817,-73.94954908,0,169,NaN,271,269,10.072693726937267
22,3143,5 Ave & E 78 St,40.77632142,-73.96427393,0,915,NaN,1093,1089,18.285978593272162
23,470,W 20 St & 8 Ave,40.74345335,-74.00004031,0,0,NaN,2606,2628,9.1373497058071
24,3576,Park Pl & Vanderbilt Ave,40.6767,-73.969024,0,457,NaN,491,466,9.73302783435166
25,3148,E 84 St & 1 Ave,40.77565541,-73.95068615,0,649,NaN,679,700,11.988962635201572
26,3294,E 91 St & Park Ave,40.7835016,-73.955327,0,246,NaN,547,498,12.65950639853749
27,3602,31 Ave & 34 St,40.763154,-73.920827,0,54,NaN,255,250,11.690777338603434
28,3282,5 Ave & E 88 St,40.78307,-73.95939,0,1197,NaN,1072,1054,19.50686274509803
29,2003,1 Ave & E 18 St,40.73381219,-73.98054421,0,3535,NaN,2210,2291,10.362547155575673
30,331,Pike St & Monroe St,40.71173107,-73.99193043,2022,1638,14.828421660888257,782,794,11.633844842284711
31,322,Clinton St & Tillary St,40.696191999999996,-73.991218,1717,1007,14.733051670551669,470,414,11.430177304964548
32,3418,Plaza St West & Flatbush Ave,40.675020700000005,-73.97111473,0,333,NaN,795,597,10.051194968553467
33,447,8 Ave & W 52 St,40.76370739,-73.9851615,5186,3431,14.504841407707618,1750,1740,10.360742224766275
34,382,University Pl & E 14 St,40.73492695,-73.99200509,7559,5733,11.572630394493066,3181,3342,9.102904477298926
35,393,E 5 St & Avenue C,40.72299208,-73.97995466,2267,1716,12.967696381288613,1015,1089,10.423973727422002
36,519,Pershing Square North,40.751872999999996,-73.97770600000001,8297,9470,13.923336146611991,8080,8026,11.905523927392709
37,3339,Berkeley Pl & 6 Ave,40.6765304,-73.97846879,0,295,NaN,443,453,11.006207674943566
38,3447,E 71 St & 1 Ave,40.76703432,-73.9562273,0,111,NaN,595,601,12.154966329966337
39,498,Broadway & W 32 St,40.74854862,-73.98808416,6986,4117,12.742041332569743,2699,2694,10.845763863159213
40,3163,Central Park West & W 68 St,40.7734066,-73.97782542,0,1761,NaN,1627,1576,13.200430504305041
41,3314,W 95 St & Broadway,40.7937704,-73.971888,0,506,NaN,953,929,11.00365512416928
42,3289,W 90 St & Amsterdam Ave,40.79017948,-73.97288918,0,326,NaN,654,560,12.466106014271146
43,285,Broadway & E 14 St,40.73454567,-73.99074142,10330,7820,11.780576004132744,4223,4296,9.266737790422019
44,238,Bank St & Washington St,40.7361967,-74.00859207,3212,2412,15.743313591022467,1148,1168,11.821465968586393
45,358,Christopher St & Greenwich St,40.73291553,-74.00711384,9346,6809,14.197632555484159,3068,3160,11.079335071707945
46,257,Lispenard St & Broadway,40.71939226,-74.00247214,3915,2998,13.409291922290413,1549,1576,10.411996987303638
47,3595,35 St & Broadway,40.760339,-73.9222427,0,37,NaN,140,138,8.466666666666667
48,3263,Cooper Square & Astor Pl,40.72951496,-73.9907527,0,5996,NaN,3351,3484,8.933104477611932
49,3160,Central Park West & W 76 St,40.77896784,-73.97374737,0,930,NaN,920,887,17.580334423845876
50,376,John St & William St,40.70862144,-74.00722156,2521,1941,15.645929308975397,1195,1203,11.470543933054394
51,449,W 52 St & 9 Ave,40.76461837,-73.98789473,0,0,NaN,1136,1122,10.042341549295777
52,339,Avenue D & E 12 St,40.72580614,-73.97422494,1705,984,16.109806224310017,523,394,12.995761631612504
53,491,E 24 St & Park Ave S,40.74096374,-73.98602213,6196,4470,11.90356854513159,2750,2762,9.789884848484837
54,284,Greenwich Ave & 8 Ave,40.73901691,-74.00263761,0,0,NaN,3561,3661,9.707554057848906
55,2021,W 45 St & 8 Ave,40.75929124,-73.98859651,0,3154,NaN,2305,2299,11.642990451388876
56,296,Division St & Bowery,40.71413089,-73.99704679999999,3447,2741,14.010651374370887,1494,1596,12.19219691895512
57,128,MacDougal St & Prince St,40.72710258,-74.00297088,6752,5159,14.296819281868986,2208,2281,11.41720283945025
58,524,W 43 St & 6 Ave,40.75527307,-73.98316936,0,3001,NaN,1822,1799,11.498893157702168
59,3047,Halsey St & Tompkins Ave,40.682368700000005,-73.944118,0,343,NaN,321,327,13.76020833333333
60,364,Lafayette Ave & Classon Ave,40.68900443,-73.96023854,1713,921,13.65209429183713,587,531,10.211319681456185
61,3249,Verona Pl & Fulton St,40.68035608,-73.9476791,0,240,NaN,285,286,11.320363849765263
62,3081,Graham Ave & Grand St,40.711863,-73.944024,0,357,NaN,335,334,12.517661691542287
63,537,Lexington Ave & E 24 St,40.74025878,-73.98409214,0,4314,NaN,2941,2937,10.188905895691606
64,3360,Amsterdam Ave & W 79 St,40.7829391,-73.9786517,0,832,NaN,1368,1284,11.620909534259948
65,3110,Meserole Ave & Manhattan Ave,40.72708584,-73.95299117,0,212,NaN,861,860,8.961298449612404
66,3431,E 35 St & 3 Ave,40.746524,-73.977885,0,2024,NaN,1309,1318,10.716093710211345
67,529,W 42 St & 8 Ave,40.75756989999999,-73.99098507,0,3194,NaN,2202,2214,10.942529518619429
68,326,E 11 St & 1 Ave,40.72953837,-73.98426726,5000,3856,12.745372407814871,2033,2052,10.266797900262459
69,3430,Richardson St & N Henry St,40.71907891,-73.94223690000001,0,98,NaN,496,500,7.230779569892472
70,3107,Bedford Ave & Nassau Ave,40.72311651,-73.95212324,0,538,NaN,1206,1200,8.761410788381749
71,3124,46 Ave & 5 St,40.74731,-73.95451,0,81,NaN,496,501,7.752356902356898
72,477,W 41 St & 8 Ave,40.75640548,-73.9900262,10108,6479,14.38576144729452,4256,4267,10.978348214285731
73,161,LaGuardia Pl & W 3 St,40.72917025,-73.99810231,5699,4327,13.125231237559966,2228,2293,10.162133453022147
74,504,1 Ave & E 16 St,40.73221853,-73.98165557,6790,5042,10.865357984678857,3147,3200,9.313000635727896
75,502,Henry St & Grand St,40.714215,-73.981346,3302,2628,12.688841765121682,1803,1842,10.258901830282833
76,3259,9 Ave & W 28 St,40.74937024,-73.99923384,0,0,NaN,1525,1536,10.934939890710394
77,497,E 17 St & Broadway,40.73704984,-73.99009296,11860,8778,12.508575123706676,4503,4924,10.160921072116102
78,3093,N 6 St & Bedford Ave,40.71745169,-73.95850939,0,2000,NaN,1651,1709,8.109272727272721
79,3420,Douglass St & 3 Ave,40.6802133,-73.98432695,0,444,NaN,706,806,9.526203966005669
80,3288,E 88 St & 1 Ave,40.778301,-73.9488134,0,0,NaN,797,832,13.839857800083628
81,3427,Lafayette St & Jersey St,40.72430527,-73.99600983,0,5090,NaN,2596,2569,10.650815985607785
82,3016,Kent Ave & N 7 St,40.72036775,-73.96165073,0,1652,NaN,1182,1353,11.383657642413986
83,499,Broadway & W 60 St,40.76915505,-73.98191841,9151,3067,16.72621911218026,3112,3088,11.462269708654674
84,442,W 27 St & 7 Ave,40.746646999999996,-73.993915,6605,4452,12.829774344994718,1489,1516,10.485304659498217
85,3298,Warren St & Court St,40.686371,-73.99383324,0,521,NaN,561,580,8.287738095238097
86,293,Lafayette St & E 8 St,40.73020661,-73.99102628,8810,6799,11.722576738200686,3616,3701,9.505986338041163
87,3165,Central Park West & W 72 St,40.77579377,-73.97620574,0,1436,NaN,1659,1618,12.69933614966807
88,545,E 23 St & 1 Ave,40.736502,-73.97809472,0,4039,NaN,2705,2729,11.305218730745537
89,317,E 6 St & Avenue B,40.72453734,-73.98185424,4048,2926,12.60756489493203,1860,2095,10.70967741935482
90,448,W 37 St & 10 Ave,40.75660359,-73.9979009,4704,3102,14.440009217896911,1827,1835,11.542619959861327
91,2012,E 27 St & 1 Ave,40.739445,-73.97680600000001,0,2414,NaN,1851,1820,11.173374752386108
92,479,9 Ave & W 45 St,40.76019252,-73.9912551,6648,3651,14.844941282746133,2653,2696,11.047522947315471
93,446,W 24 St & 7 Ave,40.74487634,-73.99529885,6743,4751,11.57354352126605,3117,3127,9.143788121990362
94,3158,W 63 St & Broadway,40.77163851,-73.98261428,0,1429,NaN,2183,1777,10.159474728966236
95,3394,Columbia St & W 9 St,40.6769993,-74.00647134,0,21,NaN,47,47,7.007801418439716
96,347,Greenwich St & W Houston St,40.728846000000004,-74.00859100000001,6041,4475,14.884581193749646,1957,1982,12.052853006302167
97,3389,Carroll St & Columbia St,40.6830456,-74.00348559,0,374,NaN,368,414,10.797871376811589
98,350,Clinton St & Grand St,40.71559509,-73.9870295,3284,2488,13.251847903340439,1322,1325,10.471902599041139
99,473,Rivington St & Chrystie St,40.72110063,-73.99192540000001,3216,2335,15.023862104717484,929,901,11.245545977011487
100,485,W 37 St & 5 Ave,40.75038009,-73.98338988,1242,672,12.555609232420833,1669,1658,10.561061151079125
101,3643,E 41 St & 5 Ave,40.75272201,-73.98123622,0,0,NaN,1190,1133,9.983501400560224
102,380,W 4 St & 7 Ave S,40.73401143,-74.00293877,5170,4026,13.27763905019999,2325,2419,9.812722317842791
103,3139,E 72 St & Park Ave,40.77118288,-73.96409422,0,615,NaN,550,540,12.720916818457805
104,443,Bedford Ave & S 9 St,40.70853074,-73.96408963,700,210,15.170488630865977,237,108,14.438045007032356
105,407,Henry St & Poplar St,40.700469,-73.991454,1432,872,14.686221756347532,424,287,8.323443656422384
106,509,9 Ave & W 22 St,40.7454973,-74.00197139,7229,5254,12.413149275763478,2897,2930,9.055615004027162
107,303,Mercer St & Spring St,40.72362738,-73.99949601,4085,3189,15.639162581699333,1356,1388,12.042313377679243
108,3518,Lenox Ave & W 126 St,40.808442,-73.94520870000001,0,100,NaN,414,424,12.533696529459244
109,236,St Marks Pl & 2 Ave,40.7284186,-73.98713956,5701,4531,12.6134480337079,2165,2234,9.8841651263093
110,3304,6 Ave & 9 St,40.668127,-73.98377641,0,168,NaN,559,526,8.299281867145414
111,3108,Nassau Ave & Russell St,40.725570000000005,-73.94434,0,214,NaN,643,659,10.229341627786418
112,401,Allen St & Rivington St,40.72019576,-73.98997825,5382,3840,13.727147989840821,1948,1933,10.212414442162922
113,3572,34 Ave & 38 St,40.756913,-73.921631,0,48,NaN,306,299,9.464324618736386
114,127,Barrow St & Hudson St,40.73172428,-74.00674436,6933,5169,13.696358826358887,2376,2400,10.937920875420867
115,389,Broadway & Berry St,40.71044554,-73.96525063,2611,789,14.775472903885465,828,755,10.689177750906877
116,3041,Kingston Ave & Herkimer St,40.67890679,-73.94142771,0,197,NaN,201,205,18.250166666666658
117,152,Warren St & Church St,40.71473993,-74.00910627,0,0,NaN,840,842,10.859078267779095
118,3317,10 St & 5 Ave,40.6686273,-73.98700053,0,126,NaN,281,277,11.139226190476188
119,432,E 7 St & Avenue A,40.72621788,-73.98379855,6234,4750,11.919146204461512,3454,2902,9.40932734993243
120,402,Broadway & E 22 St,40.740343200000005,-73.98955109,11604,8207,12.949656549979894,4526,4784,10.293292817679568
121,274,Lafayette Ave & Fort Greene Pl,40.68691865,-73.976682,2128,1131,13.16873628096584,755,836,10.699182139699397
122,237,E 11 St & 2 Ave,40.73047309,-73.98672378,5901,4246,12.085028535910016,2277,2343,9.987192442882233
123,3318,2 Ave & E 96 St,40.7839636,-73.94716729999999,0,163,NaN,970,999,9.36745867768594
124,252,MacDougal St & Washington Sq,40.73226398,-73.99852205,3792,2886,13.30233887276886,1338,1413,10.434242650722487
125,513,W 56 St & 10 Ave,40.768254,-73.988639,3100,1919,14.764553763440892,1370,1349,11.001240875912396
126,168,W 18 St & 6 Ave,40.73971301,-73.99456405,7701,6051,12.284054299818191,3287,3390,10.163887198214645
127,282,Kent Ave & S 11 St,40.70764494,-73.96841526,2034,709,17.36821094135046,564,587,12.441252955082742
128,281,Grand Army Plaza & Central Park S,40.764397100000004,-73.97371465,9345,2917,30.96086110218227,2423,2375,15.68264491257054
129,3086,Graham Ave & Conselyea St,40.715143,-73.944507,0,310,NaN,856,857,7.892943469785572
130,396,Lefferts Pl & Franklin Ave,40.68034242,-73.95576894,869,296,13.015492686682066,401,303,9.324605153782207
131,394,E 9 St & Avenue C,40.72521311,-73.97768752,4365,3124,13.5507148318043,1689,1698,12.002794233807265
132,379,W 31 St & 7 Ave,40.749156,-73.9916,8251,5290,12.925144461955027,3652,3721,10.303431909455997
133,251,Mott St & Prince St,40.72317958,-73.99480012,6264,4539,13.912015441959548,1751,1781,10.506866666666673
134,459,W 20 St & 11 Ave,40.746745000000004,-74.007756,8863,6359,16.093026231605844,4057,4441,11.62267159884917
135,471,Grand St & Havemeyer St,40.71286844,-73.95698119,2046,550,13.911086637298093,528,469,10.70258838383838
136,3425,2 Ave & E 104 St,40.789210499999996,-73.94370784,0,56,NaN,499,515,10.915631262525045
137,3364,Carroll St & 5 Ave,40.6751622,-73.9814832,0,348,NaN,442,453,9.13609221466364
138,330,Reade St & Broadway,40.71450451,-74.00562789,2798,2044,13.794770073862278,1004,1004,10.752639442231091
139,520,W 52 St & 5 Ave,40.75992262,-73.97648516,0,486,NaN,1503,1503,11.415901530272794
140,362,Broadway & W 37 St,40.75172632,-73.98753523,2997,1790,13.669398998330577,1136,1079,11.384756455399073
141,3088,Union Ave & Jackson St,40.7160751,-73.95202900000001,0,224,NaN,239,238,10.784658298465834
142,3119,Vernon Blvd & 50 Ave,40.74232744,-73.95411749,0,104,NaN,999,972,8.470574482297915
143,3529,Lenox Ave & W 130 St,40.8107922,-73.9430681,0,116,NaN,299,298,15.209754738015619
144,3361,Carroll St & 6 Ave,40.6740886,-73.9787282,0,304,NaN,598,600,10.31348408710217
145,195,Liberty St & Broadway,40.70905623,-74.01043382,4212,2968,16.52746774321224,1517,1512,11.947747747747728
146,517,Pershing Square South,40.751581,-73.97791,6586,4201,13.20288369031344,2792,2615,11.141944544042056
147,335,Washington Pl & Broadway,40.72903917,-73.99404649,3693,2964,12.130647345612129,1794,1874,9.449015235971757
148,3611,Vernon Blvd & 47 Rd,40.7449067,-73.9534573,0,22,NaN,206,189,14.1703074433657
149,334,W 20 St & 7 Ave,40.74238787,-73.99726235,5720,4250,12.200096187478128,2536,2570,9.633497698882334
150,518,E 39 St & 2 Ave,40.74780373,-73.97344190000001,5753,3444,14.406918840579705,2448,2428,11.6929670479303
151,3414,Bergen St & Flatbush Ave,40.68094472,-73.97567332,0,429,NaN,529,534,10.178481411468178
152,259,South St & Whitehall St,40.70122128,-74.01234218,3838,2864,22.227210352614254,914,948,16.810612691466066
153,3558,Bergen St & Vanderbilt Ave,40.6794388,-73.96804379999999,0,538,NaN,379,374,9.939006156552331
154,3377,Carroll St & Bond St,40.6786115,-73.99037292,0,347,NaN,440,435,10.079318181818191
155,3632,E 12 St & Avenue B,40.72804857,-73.9788115,0,3353,NaN,1942,2047,11.0839512530038
156,3641,Broadway & W 25 St,40.74286877,-73.98918629,0,5612,NaN,3062,3060,10.519661330719822
157,254,W 11 St & 6 Ave,40.73532427,-73.99800419,3225,2568,12.20756072351423,1456,1490,10.33139747995418
158,3238,E 80 St & 2 Ave,40.7739139,-73.95439535,0,0,NaN,691,664,12.188188405797105
159,3048,Putnam Ave & Nostrand Ave,40.684020000000004,-73.94977,0,208,NaN,252,264,11.89037184594954
160,3308,Kane St & Clinton St,40.686175799999994,-73.99645295,0,517,NaN,613,635,9.869140837411639
161,462,W 22 St & 10 Ave,40.74691959,-74.00451887,7078,5372,13.337466440582219,2283,2306,9.821004966403725
162,3226,W 82 St & Central Park West,40.78275,-73.97137,0,690,NaN,858,688,11.382226107226085
163,403,E 2 St & 2 Ave,40.72502876,-73.99069656,6131,4600,13.2060452715203,1802,1891,10.066444567832672
164,229,Great Jones St,40.72743423,-73.99379025,8095,6404,11.295658799785791,3306,3417,8.862672718103866
165,265,Stanton St & Chrystie St,40.72229346,-73.99147535,5370,4047,13.516405570060916,1804,1864,10.383545824094595
166,2000,Front St & Washington St,40.70255088,-73.98940236,0,2277,NaN,1157,1287,12.90468164794008
167,3346,Berkeley Pl & 7 Ave,40.67514684,-73.97523209,0,398,NaN,775,791,10.848535745047394
168,297,E 15 St & 3 Ave,40.734232,-73.986923,5725,4014,11.35878480717696,2508,2500,9.165450558213715
169,439,E 4 St & 2 Ave,40.726280700000004,-73.98978041,2637,1995,12.298337126960032,2322,2368,9.914517751904574
170,3164,Columbus Ave & W 72 St,40.7770575,-73.97898475,0,1352,NaN,2646,2010,10.774328922495286
171,3170,W 84 St & Columbus Ave,40.78499979,-73.97283406,0,424,NaN,1471,1171,10.431520507591213
172,3453,Devoe St & Lorimer St,40.71335226,-73.94910336,0,86,NaN,510,523,9.46232026143791
173,3508,St Nicholas Ave & Manhattan Ave,40.809725,-73.953149,0,139,NaN,366,376,11.447404371584687
174,3440,Fulton St & Adams St,40.69241829,-73.98949474,0,1601,NaN,1233,1173,10.050324675324676
175,410,Suffolk St & Stanton St,40.72066442,-73.98517977,5154,3857,13.844364601540766,2113,2068,11.653809749171794
176,3336,E 97 St & Madison Ave,40.787801,-73.953559,0,407,NaN,712,684,14.342088014981282
177,307,Canal St & Rutgers St,40.71427487,-73.98990025,6044,4749,12.887323516435078,2191,2227,10.465836759555351
178,3320,Central Park West & W 100 St,40.79406661,-73.96286845,0,290,NaN,542,509,17.63985239852396
179,409,DeKalb Ave & Skillman St,40.6906495,-73.95643107,1127,463,14.993256090314924,289,280,13.78420138888889
180,320,Leonard St & Church St,40.717571,-74.005549,2737,2091,13.640238704177321,1018,1042,10.847574565716165
181,321,Cadman Plaza E & Red Cross Pl,40.69991755,-73.98971773,2729,1580,18.88122626485361,760,792,12.034738691260447
182,527,E 33 St & 2 Ave,40.744023,-73.976056,0,1478,NaN,2827,2848,11.316483905199863
183,3105,N 15 St & Wythe Ave,40.724055,-73.955736,0,197,NaN,362,367,10.221454880294658
184,3593,31 St & Broadway,40.761584,-73.925921,0,91,NaN,630,596,7.310793650793652
185,312,Allen St & Stanton St,40.722055,-73.989111,5618,4256,14.46852907978373,2061,2085,11.042277211709523
186,2010,Grand St & Greene St,40.72165481,-74.00234737,0,2961,NaN,1369,1377,12.405669348939272
187,3578,Park Pl & Franklin Ave,40.67418060000001,-73.95649470000001,0,191,NaN,158,160,12.017088607594939
188,3526,31 St & 23 Ave,40.7747878,-73.91255509999999,0,24,NaN,391,382,7.8699488491048575
189,3131,E 68 St & 3 Ave,40.7671284,-73.96224618,0,482,NaN,664,646,9.490813253012044
190,275,Washington Ave & Greene Ave,40.68650065,-73.96563307,1240,484,12.704149770208156,449,342,10.151781737193755
191,324,DeKalb Ave & Hudson Ave,40.689888,-73.981013,2296,2902,11.827000726216436,895,1649,9.301005586592174
192,3350,W 100 St & Broadway,40.797372100000004,-73.97041192,0,459,NaN,887,825,14.27829763246898
193,515,W 43 St & 10 Ave,40.76009437,-73.99461843,4821,3171,14.891115030780929,1812,1879,11.355638337012516
194,3142,1 Ave & E 62 St,40.761227399999996,-73.96094022,0,1680,NaN,1818,1812,12.447427416391026
195,3090,N 8 St & Driggs Ave,40.71774592,-73.95600096,0,474,NaN,1418,1460,8.460009409550693
196,3345,Madison Ave & E 99 St,40.78948542,-73.95242929,0,115,NaN,431,418,11.81313953488373
197,3102,Driggs Ave & Lorimer St,40.72179134,-73.95041540000001,0,112,NaN,353,348,9.450188857412645
198,151,Cleveland Pl & Spring St,40.72210379,-73.99724901,8006,5855,13.537001375515807,2793,2813,10.32787726838586
199,486,Broadway & W 29 St,40.7462009,-73.98855723,5952,3979,13.152428979660415,2434,2428,10.209449465899754
200,306,Cliff St & Fulton St_1,40.70823502,-74.00530063,3036,2363,15.307696530522621,1006,1008,11.700778661365142
201,445,E 10 St & Avenue A,40.72740794,-73.98142006,6383,6330,13.533163451988955,1945,2088,11.305178326474621
202,279,Peck Slip & Front St,40.707873,-74.00166999999999,4265,3320,19.58585953386521,1050,1077,13.48179218303147
203,3100,Nassau Ave & Newell St,40.72481256,-73.94752622,0,287,NaN,573,587,10.154566608493303
204,3175,W 70 St & Amsterdam Ave,40.77748046,-73.98288594,0,125,NaN,1509,1441,11.653302407775561
205,3613,Center Blvd & 48 Ave,40.745038,-73.957539,0,75,NaN,242,253,14.999999999999991
206,450,W 49 St & 8 Ave,40.76227205,-73.98788205,6371,3898,13.500316637881388,2716,2710,11.144356423483186
207,3167,Amsterdam Ave & W 73 St,40.77966809,-73.98093045,0,2077,NaN,2333,2298,11.318831261608791
208,3055,Greene Ave & Nostrand Ave,40.68833370000001,-73.950916,0,269,NaN,227,214,8.71475770925111
209,3258,W 27 St & 10 Ave,40.75018156,-74.00218427,0,4770,NaN,2122,2117,9.705749293119686
210,505,6 Ave & W 33 St,40.74901271,-73.98848395,8952,6260,12.92676835400605,3305,3303,10.584166161922054
211,480,W 53 St & 10 Ave,40.76669671,-73.99061728,4122,2662,15.290605031141265,1729,1743,11.093817515432109
212,3619,Newtown Ave & 23 St,40.7713615,-73.9246145,0,40,NaN,256,260,11.783333333333342
213,289,Monroe St & Classon Ave,40.684568299999995,-73.95881081,983,456,15.39923547400612,269,172,12.784510532837658
214,361,Allen St & Hester St,40.71605866,-73.99190759,4837,3705,13.745454232147774,1814,1797,12.191772384629513
215,461,E 20 St & 2 Ave,40.73587678,-73.98205027,5376,3631,12.565020155038745,2410,2429,10.403448275862079
216,305,E 58 St & 3 Ave,40.76095756,-73.96724467,4630,2209,15.521215067703839,1687,1692,12.715085013839463
217,3411,Bond St & Bergen St,40.6849668,-73.98620772,0,368,NaN,499,510,9.938319946452477
218,496,E 16 St & 5 Ave,40.73726186,-73.99238967,6104,4416,12.221786046003423,2502,2565,10.589328537170267
219,3052,Lewis Ave & Madison St,40.686312,-73.935775,0,206,NaN,217,217,12.287711213517664
220,301,E 2 St & Avenue B,40.72217444,-73.98368779,4167,3359,13.479501961726326,1967,2128,11.441772580918494
221,3116,Huron St & Franklin St,40.732659999999996,-73.95826,0,296,NaN,648,661,10.893560020607934
222,3635,W 36 St & 9 Ave,40.75462324,-73.99516761,0,3225,NaN,1522,1535,10.863972842750753
223,430,York St & Jay St,40.7014851,-73.98656928,0,0,NaN,1547,1598,12.035304891187266
224,3400,E 110 St & Madison Ave,40.796153499999996,-73.94782145,0,142,NaN,445,450,14.816554307116109
225,540,Lexington Ave & E 29 St,40.74311555,-73.98215353,0,3746,NaN,2123,2126,10.067734338200658
226,436,Hancock St & Bedford Ave,40.68216564,-73.95399026,722,316,15.36048014773777,303,237,12.925742574257423
227,532,S 5 Pl & S 5 St,40.710451,-73.960876,0,2309,NaN,1105,925,18.415957767722475
228,302,Avenue D & E 3 St,40.72082834,-73.97793172,2152,1691,13.398612403100802,1191,1258,11.956862745098045
229,3223,E 55 St & 3 Ave,40.75899656,-73.96865398,0,2467,NaN,1526,1508,13.402206203582343
230,405,Washington St & Gansevoort St,40.739323,-74.008119,7676,5692,16.93375923511514,1652,1652,12.27289144471348
231,514,12 Ave & W 40 St,40.76087502,-74.00277668,11159,6416,21.830007175531513,1777,2141,18.21342905405405
232,258,DeKalb Ave & Vanderbilt Ave,40.68940747,-73.96885458,2314,917,11.020709035884119,864,643,8.643754833720033
233,3083,Bushwick Ave & Powers St,40.71247661,-73.94100005,0,367,NaN,308,276,16.111634199134205
234,3155,Lexington Ave & E 63 St,40.76440023,-73.96648977,0,607,NaN,964,941,12.791415714780213
235,415,Pearl St & Hanover Square,40.7047177,-74.00926027,2930,2319,18.078390216154695,1005,1021,12.1917994687915
236,482,W 15 St & 7 Ave,40.73935542,-73.99931783,7416,5735,11.79209271999641,2777,2940,9.495960869043325
237,3085,Roebling St & N 4 St,40.714690000000004,-73.95739,0,532,NaN,486,501,10.416769759450169
238,3162,W 78 St & Broadway,40.78339981,-73.98093133,0,583,NaN,1018,886,12.16545514079895
239,3044,Albany Ave & Fulton St,40.6800105,-73.938475,0,70,NaN,92,88,19.109782608695642
240,3147,E 85 St & 3 Ave,40.77801203,-73.95407149,0,754,NaN,1627,1625,9.768902564102552
241,3466,W 45 St & 6 Ave (OLD),40.75668721,-73.98257732,0,2891,NaN,1558,1540,11.567062982005146
242,3516,31 St & Astoria Blvd,40.76991760000001,-73.91840570000001,0,17,NaN,570,558,6.398359695372003
243,3069,Lorimer St & Broadway,40.70411791,-73.94818595,0,72,NaN,186,176,7.657347670250897
244,267,Broadway & W 36 St,40.75097711,-73.98765428,4648,3076,13.399522887071337,1804,1717,10.520641523386969
245,2006,Central Park S & 6 Ave,40.76590936,-73.97634151,0,2921,NaN,2386,2383,16.57494754511119
246,3502,Lexington Ave & E 111 St,40.79541210000001,-73.9441232,0,27,NaN,207,223,7.907890499194853
247,174,E 25 St & 1 Ave,40.7381765,-73.97738662,3573,2539,12.664343688776922,1994,2008,10.825359411568039
248,3172,W 74 St & Columbus Ave,40.7785669,-73.97754961,0,624,NaN,918,810,11.86661220043573
249,150,E 2 St & Avenue C,40.720873600000004,-73.98085795,3075,2996,13.6578970189702,1139,1120,12.092156862745107
250,3344,Pioneer St & Van Brunt St,40.679043,-74.011169,0,257,NaN,280,304,12.42827380952381
251,3533,St. Nicholas Ave & W 126 St,40.8114323,-73.95187759999999,0,113,NaN,298,321,13.44144295302013
252,212,W 16 St & The High Line,40.74334935,-74.00681753,5085,3680,14.98119010108964,1893,1901,11.243195839943597
253,369,Washington Pl & 6 Ave,40.73224119,-74.00026394,3561,2710,12.742422965252402,1232,1230,9.935281385281366
254,3409,Bergen St & Smith St,40.686744299999994,-73.99063168,0,1111,NaN,1597,1733,9.755112923462985
255,3335,Union St & 4 Ave,40.6772744,-73.98282002,0,470,NaN,676,795,9.94630177514793
256,340,Madison St & Clinton St,40.71269042,-73.98776323,2082,1733,13.023355790824494,919,945,11.088882843670653
257,3101,N 12 St & Bedford Ave,40.72079821,-73.95484712,0,560,NaN,502,500,9.649369189907036
258,3467,W Broadway & Spring Street,40.72494672,-74.00165856,0,4025,NaN,1654,1725,11.345828295042322
259,3574,Prospect Pl & Underhill Ave,40.6769694,-73.96579,0,269,NaN,280,270,11.586845238095245
260,239,Willoughby St & Fleet St,40.69196566,-73.9813018,2957,2084,10.726618095560813,1426,1234,7.575923328658255
261,478,11 Ave & W 41 St,40.76030096,-73.99884222,5230,3318,15.07887103971439,2065,2106,11.252631154156585
262,368,Carmine St & 6 Ave,40.73038599,-74.00214988,9434,6897,13.82151820431246,3091,3244,10.281597109888926
263,3368,5 Ave & 3 St,40.672815500000006,-73.98352355,0,353,NaN,697,718,9.64894636015326
264,440,E 45 St & 3 Ave,40.75255434,-73.97282625,3287,1963,14.006441468857805,1501,1483,11.636675549633571
265,419,Carlton Ave & Park Ave,40.69580705,-73.97355569,776,629,10.47807130584193,465,399,8.010215053763439
266,3255,8 Ave & W 31 St,40.75058535,-73.99468482,0,3329,NaN,4852,4956,11.374476053047504
267,3560,28 St & 38 Ave,40.754876,-73.934326,0,64,NaN,162,154,9.461111111111105
268,523,W 38 St & 8 Ave,40.75466591,-73.99138152,0,2129,NaN,4278,4321,11.23902134954028
269,536,1 Ave & E 30 St,40.74144387,-73.97536082,0,3315,NaN,2356,2381,11.220062252405214
270,264,Maiden Ln & Pearl St,40.70706456,-74.00731853,2602,2024,18.188797079169827,964,985,13.504257528556591
271,3115,India St & Manhattan Ave,40.73232194,-73.9550858,0,184,NaN,578,583,9.848961937716263
272,3435,Grand St & Elizabeth St,40.718821999999996,-73.99596,0,5347,NaN,2635,2644,12.327391799544465
273,458,11 Ave & W 27 St,40.751396,-74.00522600000001,6950,4888,15.846353341970094,1861,2130,11.76633530360022
274,531,Forsyth St & Broome St,40.71893904,-73.99266288,0,4278,NaN,2098,2110,10.734016849467475
275,377,6 Ave & Canal St,40.72243797,-74.00566443,5130,4035,14.390872164814464,1316,1411,13.289399696048648
276,3496,1 Ave & E 110 St,40.7923272,-73.9383,0,75,NaN,312,313,12.55817307692307
277,487,E 20 St & FDR Drive,40.73314259,-73.97573881,5341,3572,13.508637583473794,2394,2390,11.719221665274297
278,3359,E 68 St & Madison Ave,40.7691572,-73.96703464,0,707,NaN,373,373,13.657372654155498
279,341,Stanton St & Mangin St,40.71782143,-73.97628939,1774,1405,16.210105282947936,671,674,14.73065076999501
280,3302,Columbus Ave & W 103 St,40.7969347,-73.96434123,0,45,NaN,246,175,12.424864498644983
281,3297,6 St & 7 Ave,40.668662700000006,-73.97988067,0,118,NaN,319,268,10.573040752351101
282,411,E 6 St & Avenue D,40.72228087,-73.97668709,2163,1615,14.871808510638305,936,950,12.042111823361845
283,3648,Flushing Ave & Vanderbilt Ave,40.69795032,-73.9707756,0,806,NaN,361,502,14.330833333333322
284,3087,Metropolitan Ave & Meeker Ave,40.71413311,-73.95234386,0,427,NaN,541,546,9.4487962962963
285,3146,E 81 St & 3 Ave,40.77573034,-73.9567526,0,501,NaN,712,700,12.248782771535588
286,3096,Union Ave & N 12 St,40.71924,-73.95241999999999,0,344,NaN,600,632,9.431884057971017
287,245,Myrtle Ave & St Edwards St,40.69327018,-73.97703874,824,550,13.13185320356854,323,270,9.408385416666677
288,492,W 33 St & 7 Ave,40.75019995,-73.99093085,9349,5546,13.067681469591575,3487,3733,10.35934423095305
289,3002,South End Ave & Liberty St,40.711512,-74.01575600000001,0,7013,NaN,2466,2482,13.492224475997311
290,3135,E 75 St & 3 Ave,40.77112927,-73.95772297,0,306,NaN,721,738,13.066782246879331
291,325,E 19 St & 3 Ave,40.73624527,-73.98473765,3697,2693,11.896987734487707,1557,1569,9.473603082851643
292,3300,Prospect Park West & 8 St,40.66514682,-73.97637606,0,205,NaN,409,334,9.922697636511813
293,359,E 47 St & Park Ave,40.75510267,-73.97498696,8096,4511,13.862042758279749,3773,3473,11.771364801555702
294,3313,6 Ave & 12 St,40.666318100000005,-73.9854617,0,122,NaN,302,258,10.005353200882995
295,467,Dean St & 4 Ave,40.68312489,-73.97895137,2860,613,11.4888888888889,1149,1086,9.40844947735193
296,3141,1 Ave & E 68 St,40.76500525,-73.95818491,0,2236,NaN,2631,2623,13.104828897338423
297,3379,E 103 St & Lexington Ave,40.790305100000005,-73.94755757,0,75,NaN,410,446,7.858495934959354
298,391,Clark St & Henry St,40.69760127,-73.99344559,3192,1441,11.722861172046366,1285,934,9.315511422637593
299,295,Pike St & E Broadway,40.71406667,-73.99293911,2633,2178,13.27349435780401,1292,1292,11.053018575851382
300,3231,E 67 St & Park Ave,40.767800799999996,-73.96592081,0,0,NaN,499,453,12.808032128514052
301,3463,E 16 St & Irving Pl,40.73536706,-73.98797393,0,2789,NaN,1702,1714,10.077869173521357
302,476,E 31 St & 3 Ave,40.74394314,-73.97966069,4748,3318,12.269420442571137,2126,2123,10.204258823529427
303,342,Columbia St & Rivington St,40.71739973,-73.98016555,1934,1488,13.845738440303661,1093,1061,13.115599268069523
304,546,E 30 St & Park Ave S,40.74444921,-73.98303529,0,1808,NaN,1990,1982,10.048132328308203
305,82,St James Pl & Pearl St,40.71117416,-74.00016545,1146,919,11.537958115183237,436,464,8.838532110091744
306,3372,E 74 St & 1 Ave,40.7689738,-73.95482273,0,869,NaN,997,1037,14.228100969575392
307,3301,Columbus Ave & W 95 St,40.7919557,-73.968087,0,503,NaN,1181,1074,12.257379134860068
308,314,Cadman Plaza West & Montague St,40.69383,-73.990539,2323,1143,12.403359173126617,813,705,10.276568265682648
309,291,Madison St & Montgomery St,40.713126,-73.984844,1751,1486,13.296845816657145,913,921,11.063271266885739
310,3378,E 76 St & Park Ave,40.773763,-73.96222088,0,161,NaN,796,778,13.338295644891135
311,3429,Hanson Pl & Ashland Pl,40.68506807,-73.9779076,0,2432,NaN,1984,2044,9.093911873528418
312,266,Avenue D & E 8 St,40.72368361,-73.97574813,1996,1320,15.037201336674986,785,762,12.138365180467092
313,3293,W 92 St & Broadway,40.7921,-73.9739,0,456,NaN,848,830,11.773997641509448
314,164,E 47 St & 2 Ave,40.75323098,-73.97032517,3066,1549,14.889774951076324,1257,1250,12.639477176220813
315,383,Greenwich Ave & Charles St,40.735238,-74.000271,4881,3785,12.576236845701827,2122,2176,11.404209864907319
316,2008,Little West St & 1 Pl,40.70569254,-74.01677685,0,4598,NaN,1514,1525,13.235149713782484
317,508,W 46 St & 11 Ave,40.76341379,-73.99667444,4490,2730,17.136111111111127,1379,1405,13.447425670775917
318,3233,E 48 St & 5 Ave,40.75724568,-73.97805914,0,3533,NaN,2873,2866,10.667166085946556
319,3284,E 88 St & Park Ave,40.7814107,-73.95595908,0,274,NaN,464,433,10.566163793103446
320,83,Atlantic Ave & Fort Greene Pl,40.68382604,-73.97632328,1823,589,14.13520352035207,685,680,9.928776803118902
321,481,S 3 St & Bedford Ave,40.71260486,-73.96264403,2681,969,14.343994274334118,831,628,9.851845166466102
322,3438,E 76 St & 3 Ave,40.77224854,-73.95842135,0,387,NaN,667,672,11.646416040100243
323,357,E 11 St & Broadway,40.73261787,-73.99158043,2702,2077,11.932882549092263,1149,1140,9.51824912891986
324,280,E 10 St & 5 Ave,40.73331967,-73.99510132,2908,2208,12.262531543932074,1360,1388,9.45245098039216
325,3622,E 128 St & Madison Ave,40.807559999999995,-73.93918199999999,0,24,NaN,173,180,8.241618497109835
326,3283,W 89 St & Columbus Ave,40.7882213,-73.97041561,0,409,NaN,1009,785,13.046580773042622
327,423,W 54 St & 9 Ave,40.76584941,-73.98690506,3980,1913,14.541092676386773,1173,1184,10.327990906507535
328,388,W 26 St & 10 Ave,40.74971775,-74.00295035,4509,3331,13.702433791981095,1808,1888,11.177645648967559
329,3386,1 Pl & Clinton St,40.6809591,-73.99905709,0,400,NaN,318,305,9.433595387840661
330,3329,Degraw St & Smith St,40.6829151,-73.99318208,0,356,NaN,435,444,9.368007662835247
331,3382,Carroll St & Smith St,40.680611,-73.99475825,0,428,NaN,835,840,8.49651860744296
332,3603,31 Ave & 30 St,40.7647,-73.9240312,0,54,NaN,188,187,9.21604609929078
333,3354,3 St & Prospect Park West,40.668132,-73.97363831,0,258,NaN,501,391,10.509399999999998
334,3585,Union St & Bedford Ave,40.6691783,-73.9554162,0,93,NaN,98,95,11.713265306122445
335,3157,East End Ave & E 86 St,40.77518615,-73.94446054,0,294,NaN,222,209,16.604147812971334
336,3150,E 85 St & York Ave,40.77536905,-73.94803392,0,384,NaN,664,652,11.4132730015083
337,3517,31 St & Hoyt Ave N,40.771152799999996,-73.9170074,0,5,NaN,252,238,8.08128306878307
338,412,Forsyth St & Canal St,40.715815500000005,-73.99422366,4862,3505,16.27384773662549,1532,1528,12.795610021786478
339,2009,Catherine St & Monroe St,40.71117444,-73.99682619,0,1950,NaN,1004,1024,10.882335329341318
340,3306,10 St & 7 Ave,40.666207799999995,-73.98199886,0,143,NaN,450,404,8.21092592592593
341,3486,Schermerhorn St & Bond St,40.68841743,-73.98451656,0,851,NaN,746,752,8.98576854334227
342,268,Howard St & Centre St,40.71910537,-73.99973337,4424,3352,14.015068957721017,1630,1651,11.497810517700014
343,3515,24 Ave & 26 St,40.774591,-73.918544,0,12,NaN,151,139,12.104888888888887
344,3050,Putnam Ave & Throop Ave,40.6851532,-73.94111,0,281,NaN,344,348,13.393362403100777
345,3357,W 106 St & Amsterdam Ave,40.80083629999999,-73.96644925,0,210,NaN,422,365,13.229097387173406
346,441,E 52 St & 2 Ave,40.756014,-73.967416,4084,1508,15.351710343701471,1209,1197,12.242831541218642
347,3547,Broadway & Moylan Pl,40.8143256,-73.9590255,0,445,NaN,321,334,21.68333333333334
348,525,W 34 St & 11 Ave,40.75594159,-74.0021163,0,2940,NaN,1388,1498,13.24723624128813
349,3341,Central Park West & W 102 St,40.795346,-73.96186,0,204,NaN,446,434,14.666255605381167
350,3422,Columbia St & Degraw St,40.6859296,-74.00242364,0,501,NaN,469,493,12.085891968727795
351,328,Watts St & Greenwich St,40.72405549,-74.00965965,4455,3464,14.315125327347554,1566,1567,10.899393358876113
352,3134,3 Ave & E 62 St,40.76312584,-73.96526895,0,573,NaN,898,907,10.358602749907083
353,3290,E 89 St & York Ave,40.7779453,-73.94604100000001,0,0,NaN,690,699,14.48067632850243
354,3094,Graham Ave & Withers St,40.7169811,-73.94485918,0,157,NaN,292,296,10.146391752577316
355,3260,Mercer St & Bleecker St,40.72706363,-73.99662137,0,4466,NaN,2145,2181,10.749424751243778
356,3617,28 Ave & 35 St,40.7671,-73.9169858,0,37,NaN,241,221,6.668603042876905
357,3642,E 98 St & Lexington Ave,40.7872852,-73.95012259,0,0,NaN,133,139,12.0937343358396
358,3536,W 116 St & Broadway,40.8082,-73.9641,0,199,NaN,495,358,15.1830971659919
359,400,Pitt St & Stanton St,40.71926081,-73.98178024,1030,779,14.009737098344699,397,371,13.165743073047846
360,3523,24 Ave & 29 St,40.7729,-73.91614200000001,0,16,NaN,83,91,12.444578313253007
361,3156,E 72 St & York Ave,40.76663814,-73.95348296,0,844,NaN,1474,1502,12.860778985507245
362,244,Willoughby Ave & Hall St,40.69196035,-73.96536851,1762,949,11.145561234147262,807,678,10.060656753407692
363,354,Emerson Pl & Myrtle Ave,40.69363137,-73.96223558,1407,1002,14.279249999999996,621,586,12.831293612453031
364,495,W 47 St & 10 Ave,40.76269882,-73.99301222,4569,3084,14.751537731024907,1875,1901,11.238328888888898
365,3449,Eckford St & Engert Ave,40.72146256,-73.94800901,0,63,NaN,257,263,8.93391699092088
366,3489,Gold St & Frankfort St,40.71069995,-74.00354147,0,998,NaN,535,529,13.132056074766343
367,3405,5 St & 6 Ave,40.670483600000004,-73.98208968,0,145,NaN,368,333,8.982789855072467
368,3588,Vernon Blvd & 10 St,40.7671863,-73.9373554,0,21,NaN,156,170,11.865491452991458
369,528,2 Ave & E 31 St,40.74290902,-73.97706058,0,3679,NaN,2022,2021,10.533061325420386
370,3618,27 St & Hunter St,40.7485,-73.941275,0,71,NaN,146,156,12.515981735159817
371,2022,E 60 St & York Ave,40.759107,-73.959223,0,382,NaN,394,378,15.74065143824026
372,3584,Eastern Pkwy & Franklin Ave,40.670776700000005,-73.9576801,0,200,NaN,358,354,9.702327746741146
373,346,Bank St & Hudson St,40.73652889,-74.00618026,3862,2907,13.20118276784944,1727,1742,10.283005021243726
374,120,Lexington Ave & Classon Ave,40.68676793,-73.95928168,1258,579,15.525331213566501,393,339,12.850466497031386
375,3285,W 87 St & Amsterdam Ave,40.78839,-73.9747,0,560,NaN,779,710,11.77841249465126
376,3356,Amsterdam Ave & W 66 St,40.7746671,-73.98470567,0,676,NaN,808,791,12.009789343246602
377,3328,W 100 St & Manhattan Ave,40.795,-73.9645,0,209,NaN,617,560,13.341464073473787
378,503,E 20 St & Park Ave,40.73827428,-73.98751968,5129,3774,11.847734217541106,2278,2262,9.666534914360998
379,355,Bayard St & Baxter St,40.71602118,-73.99974372,3610,2874,14.242664449371759,1399,1425,12.357743626399794
380,249,Harrison St & Hudson St,40.71870987,-74.0090009,1862,1406,15.153431899641548,959,966,10.65717761557176
381,472,E 32 St & Park Ave,40.745712100000006,-73.98194829,7706,5103,11.61204412719017,2761,2705,9.173004949897399
382,311,Norfolk St & Broome St,40.7172274,-73.98802084,3468,2608,13.89042328042321,1266,1210,10.274802527646134
383,3256,Pier 40 - Hudson River Park,40.72771408,-74.01129574,0,4874,NaN,1004,1030,15.233931538717163
384,3540,Morningside Ave & W 123 St,40.81,-73.9551508,0,80,NaN,166,175,12.517871485943772
385,3305,E 91 St & 2 Ave,40.7811223,-73.94965589,0,651,NaN,885,916,13.093608597285066
386,3178,Riverside Dr & W 78 St,40.78414472,-73.98362492,0,888,NaN,429,429,17.154040404040394
387,3373,3 St & 3 Ave,40.675070500000004,-73.98775226,0,326,NaN,640,663,9.399739583333337
388,3117,Franklin St & Dupont St,40.735640000000004,-73.95866,0,182,NaN,407,409,10.688861588861583
389,3637,Fulton St & Waverly Ave,40.68323865,-73.96599591,0,760,NaN,570,568,10.334970760233919
390,3615,44 Dr & 21 St,40.748000000000005,-73.94609270000001,0,87,NaN,299,310,13.457692307692316
391,3402,Court St & State St,40.6902375,-73.99203074,0,1415,NaN,1254,1266,10.181269968051115
392,455,1 Ave & E 44 St,40.75001986,-73.96905301,3434,2131,15.705309648611882,1416,1406,13.667879001883257
393,3292,5 Ave & E 93 St,40.785785100000005,-73.957481,0,316,NaN,432,409,16.97453703703704
394,3106,Driggs Ave & N Henry St,40.72325,-73.94308000000001,0,130,NaN,690,693,10.3124154589372
395,3171,Amsterdam Ave & W 82 St,40.78524672,-73.97667321,0,684,NaN,1248,1129,11.56077724358974
396,433,E 13 St & Avenue A,40.72955361,-73.98057249,5270,3879,12.27305792972462,2417,1980,10.213583057395166
397,356,Bialystoker Pl & Delancey St,40.71622644,-73.98261206,1987,1206,14.331763224181364,1036,696,12.03470077220078
398,366,Clinton Ave & Myrtle Ave,40.693261,-73.968896,2540,1574,11.682086614173226,1178,1099,10.005423392806579
399,392,Jay St & Tech Pl,40.695065,-73.987167,2384,1706,18.74141117177655,727,794,14.534527089072535
400,3537,Carlton Ave & Dean St,40.68097410000001,-73.97100970000001,0,465,NaN,352,347,12.607857142857137
401,3358,Garfield Pl & 8 Ave,40.671197799999995,-73.97484126,0,190,NaN,381,355,10.58206474190727
402,2002,Wythe Ave & Metropolitan Ave,40.716887,-73.96319799999999,0,1136,NaN,1259,1352,12.593884034948383
403,3370,E 78 St & 2 Ave,40.7727966,-73.95577801,0,373,NaN,439,432,12.510706150341681
404,247,Perry St & Bleecker St,40.73535398,-74.00483091,3062,2291,13.79030184156042,817,832,10.482495915032683
405,3349,Grand Army Plaza & Plaza St West,40.6729679,-73.97087984,0,448,NaN,607,532,14.046073585941791
406,3616,Steinway St & 28 Ave,40.7656251,-73.9136695,0,11,NaN,262,253,9.277671755725192
407,408,Market St & Cherry St,40.71076228,-73.99400398,2017,1729,15.256407076719594,620,641,12.277043010752687
408,539,Metropolitan Ave & Bedford Ave,40.71534825,-73.96024116,0,1543,NaN,1607,1652,10.764839044652158
409,3592,Crescent St & Broadway,40.7633589,-73.92864709999999,0,107,NaN,260,243,10.331794871794873
410,309,Murray St & West St,40.7149787,-74.013012,3741,2781,18.126317197111558,1145,1131,12.78749636098983
411,3118,McGuinness Blvd & Eagle St,40.73555,-73.95284000000001,0,176,NaN,517,546,10.897356544165053
412,435,W 21 St & 6 Ave,40.74173969,-73.99415556,11385,8651,11.71319334621919,5093,5132,9.485084446190108
413,3113,Greenpoint Ave & Manhattan Ave,40.730259999999994,-73.95394,0,260,NaN,746,748,10.678106774338264
414,3565,36 Ave & 10 St,40.7614376,-73.9411265,0,32,NaN,139,143,10.074940047961631
415,3311,Columbia St & Kane St,40.68763155,-74.0016256,0,530,NaN,451,482,11.305469327420541
416,344,Monroe St & Bedford Ave,40.6851443,-73.95380904,1225,555,13.459191176470581,483,435,10.93550724637681
417,3454,Leonard St & Maujer St,40.71036854,-73.94705951,0,231,NaN,307,292,9.017374727668843
418,3243,E 58 St & 1 Ave,40.75892386,-73.96226227,0,1532,NaN,881,879,13.174952705259177
419,228,E 48 St & 3 Ave,40.7546011,-73.97187886,2694,1475,14.884299157999015,1043,1045,12.572914669223398
420,3161,W 76 St & Columbus Ave,40.78018397,-73.97728533,0,655,NaN,1430,1068,11.928263403263394
421,3323,W 106 St & Central Park West,40.798185600000004,-73.96059090000001,0,362,NaN,623,585,17.173687031082526
422,416,Cumberland St & Lafayette Ave,40.68753406,-73.97265183,1756,891,11.645916429249787,732,635,10.495901639344265
423,3390,E 109 St & 3 Ave,40.79329668,-73.9432083,0,45,NaN,233,234,14.837625178826896
424,454,E 51 St & 1 Ave,40.75455731,-73.96592976,2678,1632,14.817880258899674,704,705,11.994057765151512
425,3351,E 102 St & 1 Ave,40.7869946,-73.94164802,0,121,NaN,758,767,7.433685136323662
426,3569,Franklin Ave & St Marks Ave,40.6758324,-73.95616770000001,0,378,NaN,347,350,12.572512077294682
427,3054,Greene Ave & Throop Ave,40.6894932,-73.942061,0,177,NaN,299,295,14.648216276477148
428,3095,Graham Ave & Herbert St,40.71929301,-73.94500379,0,74,NaN,246,245,8.497222222222218
429,276,Duane St & Greenwich St,40.71748752,-74.0104554,2561,1883,14.474095052083324,838,862,10.45306284805093
430,3241,Monroe St & Tompkins Ave,40.686203000000006,-73.944694,0,335,NaN,286,286,10.74825174825174
431,3421,Hoyt St & Warren St,40.6843549,-73.98901629,0,158,NaN,247,261,7.322153635116606
432,3545,Broadway & W 122 St,40.8120562,-73.9612547,0,100,NaN,224,209,14.027952167414048
433,3407,Union St & Nevins St,40.679097999999996,-73.98765475,0,403,NaN,376,425,12.060904255319143
434,243,Fulton St & Rockwell Pl,40.688226,-73.979382,1158,1143,11.774683362118587,577,788,9.831597222222221
435,3587,Carroll St & Washington Ave,40.6686744,-73.9618148,0,85,NaN,87,83,9.87681992337165
436,3310,14 St & 7 Ave,40.663779,-73.98396846,0,119,NaN,395,347,8.953291139240513
437,3144,E 81 St & Park Ave,40.77677702,-73.95900970000001,0,188,NaN,274,243,10.563017031630174
438,406,Hicks St & Montague St,40.69512845,-73.99595065,2512,1270,13.053438205230309,991,860,10.734478114478115
439,3057,Kosciuszko St & Tompkins Ave,40.69128258,-73.9452416,0,239,NaN,276,284,13.355132850241546
440,3459,E 53 St & 3 Ave,40.75763228,-73.96930575,0,1750,NaN,1275,1272,12.996836601307178
441,3312,1 Ave & E 94 St,40.78172120000001,-73.94594000000001,0,307,NaN,590,623,14.564293785310737
442,144,Nassau St & Navy St,40.69839895,-73.98068914,895,479,17.42407199100113,205,236,14.196341463414637
443,474,5 Ave & E 29 St,40.7451677,-73.98683077,6014,3767,12.127664116212035,2417,2407,9.241380262249848
444,3140,1 Ave & E 78 St,40.77140426,-73.9535166,0,1296,NaN,1744,1797,13.349904434250758
445,3653,31 St & 35 Ave,40.75820465,-73.92832159999999,0,22,NaN,128,122,6.329427083333334
446,3472,W 15 St & 10 Ave,40.74275383,-74.00747359,0,3756,NaN,1213,1281,13.95561967573509
447,3553,Frederick Douglass Blvd & W 112 St,40.801694,-73.957145,0,266,NaN,465,526,13.719462365591395
448,3325,E 95 St & 3 Ave,40.7849032,-73.950503,0,0,NaN,327,313,13.089449541284399
449,3151,E 81 St & York Ave,40.7728384,-73.94989233,0,125,NaN,770,763,13.08617251842218
450,3552,W 113 St & Broadway,40.805973,-73.964928,0,157,NaN,518,384,14.10135135135135
451,3366,West End Ave & W 107 St,40.8021174,-73.96818053,0,252,NaN,390,326,15.748888888888889
452,167,E 39 St & 3 Ave,40.7489006,-73.97604882,4621,2988,12.933228715728703,1811,1810,10.292232652309965
453,248,Laight St & Hudson St,40.72185379,-74.00771779,1391,1060,14.485601151907826,615,619,13.071517615176145
454,3236,W 42 St & Dyer Ave,40.75898481,-73.99379969,0,2728,NaN,2040,2128,12.02406045751634
455,3303,Butler St & Court St,40.6849894,-73.99440329,0,327,NaN,394,408,9.122123519458537
456,3064,Myrtle Ave & Lewis Ave,40.69681963,-73.93756926,0,526,NaN,384,377,13.781423611111107
457,3383,Cathedral Pkwy & Broadway,40.804213,-73.96699104,0,336,NaN,689,611,13.069158200290262
458,262,Washington Park,40.6917823,-73.97372990000001,1546,921,12.360499027867794,558,468,7.826433691756277
459,522,E 51 St & Lexington Ave,40.75714758,-73.97207836,0,1202,NaN,1423,1434,11.758081517919882
460,3501,E 118 St & Madison Ave,40.801486600000004,-73.9442507,0,39,NaN,132,129,8.540025252525254
461,3180,Brooklyn Bridge Park - Pier 2,40.69878,-73.99712,0,891,NaN,160,175,18.467604166666664
462,494,W 26 St & 8 Ave,40.74734825,-73.99723551,7044,5002,12.533371217502474,2838,2848,9.189315937940755
463,79,Franklin St & W Broadway,40.71911552,-74.00666661,3189,2395,14.718043341708524,1106,1155,11.75477697408076
464,304,Broadway & Battery Pl,40.70463334,-74.01361706,6053,4618,21.024995867085433,1474,1723,17.04039375424301
465,3232,Bond St & Fulton St,40.68962189,-73.98304269,0,1411,NaN,818,880,11.02719298245614
466,349,Rivington St & Ridge St,40.71850211,-73.98329859,2151,1612,14.33907243679231,769,727,12.303987863025574
467,332,Cherry St,40.71219906,-73.97948148,2158,1766,18.178822984244675,631,642,15.436819862651888
468,3376,E 65 St & 2 Ave,40.76471852,-73.9622207,0,390,NaN,627,634,12.93987240829346
469,3307,West End Ave & W 94 St,40.7941654,-73.974124,0,544,NaN,498,463,16.956894243641216
470,534,Water - Whitehall Plaza,40.70255065,-74.0127234,0,1929,NaN,889,889,16.199137607799017
471,241,DeKalb Ave & S Portland Ave,40.68981035,-73.97493121,1663,852,12.57310012062723,557,476,9.229084380610415
472,3176,W 64 St & West End Ave,40.77452835,-73.98753759,0,1149,NaN,1005,980,11.829199867197893
473,426,West St & Chambers St,40.71754834,-74.01322069,13539,9765,18.584981157171384,2700,2761,13.968451278251196
474,3374,Central Park North & Adam Clayton Powell Blvd,40.799484,-73.955613,0,635,NaN,644,725,22.29813084112148
475,3159,W 67 St & Broadway,40.77492513,-73.98266566,0,1551,NaN,1843,1777,10.682980647495024
476,3474,6 Ave & Spring St,40.725255700000005,-74.00412083,0,3243,NaN,1112,1132,12.51282628262826
477,3461,Murray St & Greenwich St,40.71485151,-74.01122332,0,3005,NaN,1103,1143,11.85229885057471
478,3423,West Drive & Prospect Park West,40.66106337,-73.97945255,0,386,NaN,864,849,16.816898685228143
479,3497,Pleasant Ave & E 116 St,40.794987899999995,-73.9333349,0,41,NaN,506,490,14.446666666666655
480,385,E 55 St & 2 Ave,40.75797322,-73.96603308,0,0,NaN,1535,1528,11.718219326818662
481,3404,7 St & 5 Ave,40.670492200000005,-73.98541675,0,244,NaN,314,318,11.217465388711394
482,3580,St Johns Pl & Washington Ave,40.6737236,-73.9631611,0,293,NaN,270,258,11.746481481481492
483,3315,Henry St & Degraw St,40.684751399999996,-73.99917254,0,793,NaN,838,868,8.222700119474311
484,2023,E 55 St & Lexington Ave,40.75968085,-73.97031366,0,130,NaN,1039,1049,12.45346820809249
485,343,Clinton Ave & Flushing Ave,40.69794,-73.96986848,945,457,18.6057671957672,318,384,16.45856992639328
486,365,Fulton St & Grand Ave,40.68223166,-73.9614583,1227,584,12.81891156462582,458,415,10.383333333333342
487,3503,Madison Ave & E 120 St,40.80295,-73.942954,0,26,NaN,77,95,14.46796536796537
488,3365,3 St & 7 Ave,40.67038370000001,-73.97839676,0,246,NaN,519,482,11.58615928066796
489,3319,14 St & 5 Ave,40.666287,-73.98895053,0,215,NaN,363,362,12.02857802400739
490,3166,Riverside Dr & W 72 St,40.78057799,-73.98562431,0,1491,NaN,681,684,16.782058823529404
491,3060,Willoughby Ave & Tompkins Ave,40.69425403,-73.94626915,0,174,NaN,204,196,13.487663398692813
492,526,E 33 St & 5 Ave,40.74765947,-73.98490707,0,351,NaN,2119,2106,10.032986931191928
493,3286,E 89 St & 3 Ave,40.7806284,-73.9521667,0,0,NaN,729,738,12.072496570644716
494,119,Park Ave & St Edwards St,40.69608941,-73.97803415,305,286,12.893551912568311,239,269,9.169386331938636
495,3352,Sigourney St & Columbia St,40.67267243,-74.00879525,0,73,NaN,94,105,12.132446808510636
496,3398,Smith St & 9 St,40.67469570000001,-73.99785768,0,175,NaN,536,505,8.765981308411225
497,3067,Broadway & Whipple St,40.7016657,-73.9437303,0,195,NaN,305,321,11.796765350877196
498,3455,Schermerhorn St & 3 Ave,40.68680821,-73.98036182,0,128,NaN,319,353,9.706635318704283
499,456,E 53 St & Madison Ave,40.75971079999999,-73.97402311,6926,3715,14.850093917063996,1487,1498,12.153295225285824
500,310,State St & Smith St,40.68926942,-73.98912867,1948,996,13.675437242798363,811,823,11.803658035347306
501,3173,Riverside Blvd & W 67 St,40.77750703,-73.98888588,0,1591,NaN,855,850,16.195857756936316
502,3591,21 St & 31 Dr,40.7659,-73.930819,0,73,NaN,171,188,7.542787524366474
503,530,11 Ave & W 59 St,40.771522,-73.99054100000001,0,2688,NaN,1808,1825,14.169588864306798
504,261,Johnson St & Gold St,40.69474881,-73.98362464,1697,951,16.6763380558835,525,558,11.920476190476187
505,3056,Kosciuszko St & Nostrand Ave,40.69072549,-73.95133465,0,197,NaN,208,205,9.443961352657006
506,414,Pearl St & Anchorage Pl,40.70281858,-73.98765762,2364,1614,19.353182331357562,438,529,15.02705479452055
507,3244,University Pl & E 8 St,40.73143724,-73.99490342,0,2406,NaN,1864,1830,8.33322592194771
508,3521,Lenox Ave & W 111 St,40.7987859,-73.9523,0,292,NaN,642,634,12.915031152647977
509,3583,Eastern Pkwy & Washington Ave,40.6716493,-73.9631145,0,278,NaN,201,182,11.277280265339973
510,3401,2 Ave & 9 St,40.6724811,-73.99331394,0,82,NaN,191,201,13.14921465968587
511,363,West Thames St,40.70834698,-74.01713445,4663,3359,17.087457044673542,1194,1211,10.912953657174757
512,3316,W 104 St & Amsterdam Ave - 1,40.798993700000004,-73.96621738,0,137,NaN,412,344,14.20683656957929
513,216,Columbia Heights & Cranberry St,40.70037867,-73.99548059,1000,589,16.776000000000003,228,161,11.10365497076023
514,3324,3 Ave & 14 St,40.6685455,-73.99333264,0,151,NaN,223,278,14.626158445440955
515,3561,37 Ave & 35 St,40.7531106,-73.9279917,0,26,NaN,139,138,12.027817745803356
516,3388,President St & Henry St,40.6828003,-73.99990419,0,429,NaN,327,316,10.553720693170236
517,3542,Amsterdam Ave & W 119 St,40.8086249,-73.9596214,0,55,NaN,404,329,12.978135313531345
518,3549,Grand Ave & Bergen St,40.678045000000004,-73.962408,0,351,NaN,338,335,12.45489614243324
519,3434,W 88 St & West End Ave,40.79025417,-73.9771834,0,86,NaN,554,547,12.730701754385958
520,422,W 59 St & 10 Ave,40.770513,-73.988038,3301,1531,16.42702525252526,1107,1057,13.129268292682916
521,417,Barclay St & Church St,40.71291224,-74.01020234,5674,4265,15.424157996825974,1901,1903,11.578029107487296
522,360,William St & Pine St,40.70717936,-74.00887308,2363,1757,16.56015382444255,717,717,12.405671780567175
523,3369,E 82 St & East End Ave,40.7724607,-73.9468208,0,319,NaN,446,445,14.139424514200297
524,3082,Hope St & Union Ave,40.71167351,-73.95141312,0,527,NaN,450,426,10.88065476190476
525,3080,S 4 St & Rodney St,40.709340000000005,-73.95608,0,312,NaN,354,341,10.281916902738429
526,3581,Underhill Ave & Lincoln Pl,40.674012299999994,-73.9671457,0,263,NaN,371,362,12.279065588499547
527,143,Clinton St & Joralemon St,40.69239502,-73.99337909,2448,569,11.862411492374731,1041,1034,8.918203650336215
528,270,Adelphi St & Myrtle Ave,40.69308257,-73.97178913,1930,1339,9.756053540587208,983,967,7.788034623217916
529,3403,4 Ave & 9 St,40.6705135,-73.98876585,0,157,NaN,351,415,8.424833808167143
530,3524,19 St & 24 Ave,40.777455200000006,-73.9225403,0,17,NaN,157,147,9.207006369426752
531,3507,Park Ave & E 124 St,40.8045555,-73.93968609999999,0,82,NaN,863,879,13.777803557617947
532,3332,Degraw St & Hoyt St,40.68199044,-73.99079025,0,291,NaN,285,289,8.629812206572774
533,3562,Classon Ave & St Marks Ave,40.676519799999994,-73.9596082,0,289,NaN,362,352,10.878855032317643
534,3295,Central Park W & W 96 St,40.791270000000004,-73.964839,0,703,NaN,908,793,15.097262036016176
535,3509,Lenox Ave & W 115 St,40.8011939,-73.9500739,0,65,NaN,381,405,10.880358705161843
536,232,Cadman Plaza E & Tillary St,40.69597683,-73.99014892,1740,1218,18.450938697318,397,337,11.532409739714517
537,3296,E 93 St & 2 Ave,40.78245418,-73.94891962,0,179,NaN,323,363,11.640092879256956
538,3564,21 St & 36 Ave,40.760185299999996,-73.9362726,0,10,NaN,45,35,16.245185185185182
539,3544,Underhill Ave & Pacific St,40.6804836,-73.9646795,0,374,NaN,297,292,13.537093153759816
540,418,Front St & Gold St,40.70224,-73.982578,1384,827,15.877045619116581,458,483,13.540247452692876
541,3419,Douglass St & 4 Ave,40.67927879999999,-73.98154004,0,423,NaN,473,506,9.458721751412437
542,427,Bus Slip & State St,40.701907,-74.013942,3279,2252,24.02451967063129,618,647,17.10671521035599
543,3397,Court St & Nelson St,40.6763947,-73.99869893,0,245,NaN,388,394,12.664948453608247
544,217,Old Fulton St,40.70277159,-73.99383605,4151,2771,23.67163926499037,679,918,18.04911634756994
545,421,Clermont Ave & Park Ave,40.69573398,-73.97129668,908,574,11.16191262848752,264,245,9.774651457541188
546,3415,Prospect Pl & 6 Ave,40.6793307,-73.97519523,0,322,NaN,486,493,12.12268041237114
547,3072,Leonard St & Boerum St,40.70583339,-73.94644578,0,157,NaN,147,143,9.747732426303857
548,3599,Franklin Ave & Empire Blvd,40.663140000000006,-73.96056949999999,0,263,NaN,269,312,20.24021065675341
549,3177,W 84 St & Broadway,40.7867947,-73.977112,0,595,NaN,1007,831,12.878699106256216
550,327,Vesey Pl & River Terrace,40.715337899999994,-74.01658354,8117,5873,18.443913257762375,2140,2180,14.382671339563862
551,3604,Rogers Ave & Sterling St,40.6630619,-73.95387459999999,0,75,NaN,85,96,14.779607843137253
552,3412,Pacific St & Nevins St,40.6853761,-73.98302136,0,430,NaN,456,462,9.682894736842098
553,3417,Baltic St & 5 Ave,40.6795766,-73.97854971,0,466,NaN,603,643,10.105389718076282
554,3071,Boerum St & Broadway,40.70538077,-73.94976519,0,200,NaN,240,243,8.249722222222227
555,3530,Crescent St & Ditmars Blvd,40.7787185,-73.9145645,0,12,NaN,69,74,5.9623188405797105
556,3338,2 Ave & E 99 St,40.786258600000004,-73.94552579,0,34,NaN,276,271,9.039673913043481
557,3577,34 Ave & 21 St,40.762813799999996,-73.9342862,0,16,NaN,158,159,13.226371308016867
558,3597,43 St & Broadway,40.7577284,-73.9166368,0,62,NaN,137,130,12.164720194647208
559,72,W 52 St & 11 Ave,40.76727216,-73.99392888,4559,2794,18.12482814099751,1324,1322,13.0250755287009
560,420,Clermont Ave & Lafayette Ave,40.68764484,-73.96968902,1205,549,12.22447134112408,413,305,8.979903147699758
561,3579,Sterling Pl & Bedford Ave,40.672695000000004,-73.954131,0,186,NaN,184,177,14.021557971014493
562,3510,Adam Clayton Powell Blvd & W 123 St,40.8078316,-73.949373,0,62,NaN,279,296,13.178554360812425
563,484,W 44 St & 5 Ave,40.75500254,-73.98014437,812,485,12.92366584564861,2236,2233,11.28599552572707
564,3601,Sterling St & Bedford Ave,40.6627059,-73.9569115,0,55,NaN,95,101,22.8661403508772
565,397,Fulton St & Clermont Ave,40.68415748,-73.96922273,919,384,12.452032967032977,369,285,11.183920505871717
566,3331,Riverside Dr & W 104 St,40.8013434,-73.97114574,0,589,NaN,361,314,22.71348107109879
567,242,Carlton Ave & Flushing Ave,40.697787,-73.973736,1306,770,15.070721412125831,615,657,12.206216069489674
568,3363,E 102 St & Park Ave,40.7904828,-73.95033068,0,47,NaN,246,261,13.052585034013605
569,3387,E 106 St & Madison Ave,40.79343370000001,-73.94945003,0,48,NaN,260,264,14.153141025641034
570,3477,39 St & 2 Ave - Citi Bike HQ at Industry City,40.65539977,-74.01062787,0,77,NaN,78,95,19.490811965811965
571,3586,34 Ave & 13 St,40.763875299999995,-73.9364848,0,5,NaN,83,93,8.426706827309237
572,3556,24 St & 41 Ave,40.752708500000004,-73.9397405,0,34,NaN,260,256,12.282110682110682
573,3126,44 Dr & Jackson Ave,40.74718234,-73.9432635,0,124,NaN,395,394,14.098312236286928
574,3570,35 Ave & 37 St,40.7557327,-73.92366109999999,0,37,NaN,223,211,12.03056801195814
575,3145,E 84 St & Park Ave,40.77862688,-73.95772073,0,374,NaN,718,701,12.273779637377965
576,3571,Bedford Ave & Bergen St,40.676368,-73.95291800000001,0,286,NaN,282,275,12.087884160756504
577,3130,21 St & Queens Plaza North,40.75325964,-73.94335788,0,28,NaN,269,263,9.3726368159204
578,3109,Banker St & Meserole Ave,40.72606,-73.95621,0,310,NaN,583,597,7.747169811320748
579,313,Washington Ave & Park Ave,40.69610226,-73.96751037,1469,821,15.920456092579988,591,644,13.88657642413988
580,3073,Division Ave & Hooper St,40.70691254,-73.95441667,0,235,NaN,255,238,10.860065359477128
581,3546,Pacific St & Classon Ave,40.67919439999999,-73.95879029999999,0,110,NaN,147,148,10.94002267573696
582,3242,Schermerhorn St & Court St,40.69102926,-73.99183363,0,703,NaN,703,675,9.203205128205132
583,3136,5 Ave & E 63 St,40.766368,-73.971518,0,595,NaN,774,774,15.317076856649402
584,157,Henry St & Atlantic Ave,40.69089272,-73.99612349,2238,1207,12.208799403430245,776,741,9.7301116838488
585,3399,7 St & 3 Ave,40.67260298,-73.98983002,0,143,NaN,215,236,11.39666666666667
586,3235,E 41 St & Madison Ave,40.75216528,-73.97992194,0,3618,NaN,1592,1539,9.50146566164153
587,3462,E 44 St & 2 Ave,40.75118387,-73.97138715,0,1301,NaN,699,700,12.795660467334288
588,3068,Humboldt St & Varet St,40.7031724,-73.940636,0,231,NaN,240,269,18.224058577405852
589,3573,35 St & 34 Ave,40.7580583,-73.92427509999999,0,23,NaN,132,129,6.605555555555557
590,373,Willoughby Ave & Walworth St,40.69331716,-73.95381995,540,336,13.269781931464179,180,178,13.207592592592588
591,351,Front St & Maiden Ln,40.70530954,-74.00612572,3100,2404,19.488119132405323,1000,1019,16.189616666666666
592,3589,Broadway & 12 St,40.7668,-73.93477740000002,0,9,NaN,164,165,10.008638211382115
593,3042,Fulton St & Utica Ave,40.6794268,-73.92989109999999,0,220,NaN,179,172,15.558614232209745
594,3343,W 107 St & Columbus Ave,40.7997568,-73.96211287,0,90,NaN,371,341,13.50206648697214
595,3538,W 110 St & Amsterdam Ave,40.802692,-73.96295,0,159,NaN,390,356,16.594430162810617
596,437,Macon St & Nostrand Ave,40.68098339,-73.95004798,1535,328,10.744538729329868,753,694,9.824379432624117
597,3375,3 Ave & E 72 St,40.7699426,-73.96060712,0,290,NaN,455,448,12.160315712187952
598,3355,E 66 St & Madison Ave,40.76800889,-73.96845281,0,0,NaN,376,358,11.365780141843972
599,3491,E 118 St & 1 Ave,40.797470000000004,-73.93504,0,31,NaN,128,126,14.726246719160104
600,3582,Lincoln Pl & Classon Ave,40.672168299999996,-73.9609,0,80,NaN,93,98,10.389068100358427
601,3321,Clinton St & Union St,40.683116399999996,-73.99785267,0,413,NaN,410,407,9.207416462917678
602,3078,Broadway & Roebling St,40.70924826,-73.96063149,0,914,NaN,732,727,8.189785681714554
603,3347,Van Brunt St & Wolcott St,40.6773429,-74.01275056,0,207,NaN,225,287,14.58407407407407
604,3077,Stagg St & Union Ave,40.70877084,-73.95095259,0,466,NaN,414,408,10.006356968215156
605,3625,28 St & 40 Ave,40.752575799999995,-73.9364281,0,25,NaN,90,84,8.000000000000002
606,3112,Milton St & Franklin St,40.72906,-73.95779,0,730,NaN,1080,1099,11.459166666666679
607,3381,3 St & Hoyt St,40.6777287,-73.99364123,0,205,NaN,287,271,8.009117305458762
608,3049,Cambridge Pl & Gates Ave,40.68488,-73.96304,0,477,NaN,335,336,11.229601990049737
609,3555,28 St & 41 Ave,40.751047,-73.93796999999999,0,47,NaN,268,269,10.715796019900496
610,3499,2 Ave & E 122 St,40.8006721,-73.9349,0,20,NaN,102,94,12.154411764705875
611,3396,Clinton St & 4 Place,40.6783563,-74.00014502,0,325,NaN,408,412,12.461519607843126
612,3074,Montrose Ave & Bushwick Ave,40.70767788,-73.94016171,0,198,NaN,463,456,13.07139249639249
613,3614,Crescent St & 30 Ave,40.768692,-73.9249574,0,28,NaN,225,247,8.644222222222224
614,3594,Montgomery St & Franklin Ave OLD,40.6661649,-73.95934840000001,0,0,NaN,5,9,10.846666666666668
615,3605,31 Ave & Crescent St,40.765834600000005,-73.9265474,0,24,NaN,254,251,7.361811023622048
616,3367,5 Ave & E 103 St,40.792255299999994,-73.95249933,0,291,NaN,663,682,14.997004028197374
617,399,Lafayette Ave & St James Pl,40.68851534,-73.9647628,1606,658,12.57781587697425,660,385,9.708383838383842
618,3058,Lewis Ave & Kosciuszko St,40.69237074,-73.93705428,0,217,NaN,175,165,17.516666666666666
619,3132,E 59 St & Madison Ave,40.76350532,-73.97109243,0,1008,NaN,1400,1389,11.987761904761886
620,3393,Richards St & Delavan St,40.67943270000001,-74.00785041,0,81,NaN,138,151,10.823913043478262
621,3505,Lexington Ave & E 127 St,40.805726,-73.936322,0,14,NaN,84,86,16.488492063492064
622,3322,12 St & 4 Ave,40.668603000000004,-73.99043940000001,0,142,NaN,166,180,10.266767068273097
623,3075,Division Ave & Marcy Ave,40.70708701,-73.95796783,0,128,NaN,80,87,15.174999999999997
624,3152,3 Ave & E 71 St,40.76873687,-73.96119945,0,341,NaN,539,512,11.7878252788104
625,3129,Queens Plaza North & Crescent St,40.75110165,-73.94073717,0,545,NaN,722,737,15.911326860841413
626,465,Broadway & W 41 St,40.75513557,-73.98658032,7784,5003,12.604483142697983,3128,3132,9.804574536148419
627,3076,Scholes St & Manhattan Ave,40.70870368,-73.9448625,0,458,NaN,418,418,9.261443381180227
628,323,Lawrence St & Willoughby St,40.69236178,-73.98631746,2630,1385,14.645462610899862,1288,1302,11.748640248640262
629,3169,Riverside Dr & W 82 St,40.78720869,-73.98128127,0,873,NaN,550,549,16.523375834851226
630,3513,21 St & Hoyt Ave S,40.774645,-73.92370600000001,0,18,NaN,69,61,11.177450980392157
631,3362,Madison Ave & E 82 St,40.7781314,-73.96069399,0,677,NaN,623,605,14.582043010752665
632,3061,Throop Ave & Myrtle Ave,40.69622937,-73.94371094,0,95,NaN,119,115,13.892577030812323
633,3408,Congress St & Clinton St,40.6881529,-73.99520919,0,587,NaN,573,587,10.12992424242424
634,3043,Lewis Ave & Decatur St,40.6814598,-73.934903,0,155,NaN,98,98,16.080272108843538
635,3539,W 116 St & Amsterdam Ave,40.8067581,-73.9607082,0,83,NaN,649,463,12.561849562081392
636,3091,Frost St & Meeker St,40.71764,-73.94882,0,94,NaN,175,173,10.028000000000002
637,372,Franklin Ave & Myrtle Ave,40.69454609,-73.95801365,683,307,14.924229074889878,217,217,13.127546296296297
638,3551,3 Ave & E 112 St,40.795508,-73.94160600000001,0,26,NaN,152,144,10.21085526315789
639,3511,Adam Clayton Powell Blvd & W 115 St,40.802535,-73.9532423,0,66,NaN,170,191,11.029803921568629
640,3568,34 St & 35 Ave,40.756933200000006,-73.92622309999999,0,28,NaN,257,258,9.754863813229573
641,533,Broadway & W 38 St,40.75299641,-73.98721619,0,2950,NaN,1419,1406,11.870025839793284
642,3535,Mt Morris Park W & W 120 St,40.804038,-73.945925,0,62,NaN,304,316,11.24287280701755
643,3575,Crescent St & 34 Ave,40.76108,-73.930562,0,22,NaN,131,126,8.958396946564886
644,3543,Morningside Dr & Amsterdam Ave,40.81028506,-73.95736456,0,24,NaN,107,107,14.292056074766357
645,390,Duffield St & Willoughby St,40.69221589,-73.9842844,1079,579,14.58860055607045,796,830,11.335029313232834
646,3046,Marcus Garvey Blvd & Macon St,40.682601,-73.938037,0,201,NaN,207,212,12.183172302737521
647,3179,Park Ave & Marcus Garvey Blvd,40.698617,-73.941342,0,123,NaN,149,143,14.161856823266215
648,457,Broadway & W 58 St,40.76695317,-73.98169333,7771,2943,16.27817179388168,3031,2957,11.70741107807513
649,3070,McKibbin St & Manhattan Ave,40.70510918,-73.94407279,0,195,NaN,144,149,12.327083333333327
650,3623,W 120 St & Claremont Ave,40.8109494,-73.9634,0,130,NaN,256,183,14.745638020833335
651,3424,E 106 St & Lexington Ave,40.791976,-73.945993,0,49,NaN,126,125,12.357275132275126
652,3532,Ditmars Blvd & 19 St,40.78145,-73.9183302,0,15,NaN,185,181,12.2672072072072
653,337,Old Slip & Front St,40.703799200000006,-74.00838676,2145,1670,18.55351204351205,796,809,14.333144891122279
654,3121,Jackson Ave & 46 Rd,40.74524768,-73.94733276,0,56,NaN,190,196,18.715608465608472
655,3458,W 55 St & 6 Ave,40.76309387,-73.97835016,0,285,NaN,2060,2046,11.51422330097085
656,3410,Dean St & Hoyt St,40.686444200000004,-73.98759104,0,615,NaN,380,385,11.905131578947378
657,3103,N 11 St & Wythe Ave,40.72153267,-73.95782357,0,0,NaN,301,298,10.528460686600226
658,278,Concord St & Bridge St,40.69766564,-73.98476437,950,577,18.194771929824572,248,232,10.68313172043011
659,468,Broadway & W 56 St,40.7652654,-73.98192338,5509,2762,13.274504995458665,2125,1939,10.095354676710613
660,516,E 47 St & 1 Ave,40.75206862,-73.96784384,2144,1202,16.026738217452184,693,703,13.574518304431598
661,387,Centre St & Chambers St,40.71273266,-74.0046073,8250,6315,20.032356628650042,2578,2581,13.965729247478672
662,3520,Adam Clayton Powell Blvd & W 118 St,40.804372,-73.951475,0,65,NaN,198,202,12.970791245791242
663,469,Broadway & W 53 St,40.76344058,-73.98268129,6397,2249,13.88059771553748,1544,1482,9.895531088082913
664,3606,49 Ave & 21 St,40.74252,-73.948852,0,28,NaN,141,146,12.063238770685585
665,3395,Henry St & W 9 St [old],40.6763744,-74.00324957,0,0,NaN,57,57,15.014619883040929
666,3371,4 Ave & 2 St,40.67461342,-73.98501143,0,180,NaN,239,277,9.529184247538685
667,3391,E 106 St & 1 Ave,40.7892529,-73.93956237,0,38,NaN,213,212,8.794053208137719
668,500,Broadway & W 51 St,40.76228826,-73.98336183,3984,2337,13.438428714859434,1697,1651,9.959182871734441
669,173,Broadway & W 49 St,40.76068327,-73.98452729,7010,4003,14.0276159885796,2744,2752,10.000583728566236
670,3384,Smith St & 3 St,40.678724200000005,-73.99599099,0,277,NaN,418,407,9.956379585326953
671,3443,W 52 St & 6 Ave,40.76132983,-73.97982001,0,944,NaN,2913,3079,10.862769001831493
672,398,Atlantic Ave & Furman St,40.69165183,-73.99997859999999,3175,1221,17.50926803580829,396,424,12.721012658227846
673,3452,Bayard St & Leonard St,40.71915572,-73.94885391,0,126,NaN,297,302,6.714590347923679
674,3646,35 Ave & 10 St,40.76315482,-73.9398551,0,1,NaN,100,100,11.517333333333333
675,3478,2 Ave & 36 St - Citi Bike HQ at Industry City,40.65708867,-74.00870204,0,239,NaN,246,289,21.585704607046065
676,3514,Astoria Park S & Shore Blvd,40.7767,-73.927631,0,5,NaN,90,94,13.503703703703703
677,3493,E 118 St & 3 Ave,40.799139000000004,-73.9389152,0,42,NaN,140,141,12.250357142857142
678,3506,Lexington Ave & E 120 St,40.8013066,-73.93981670000001,0,19,NaN,88,107,15.851704545454549
679,3342,Pioneer St & Richards St,40.677774799999995,-74.0094613,0,33,NaN,80,110,10.965625000000005
680,3490,E 116 St & 2 Ave,40.796879,-73.93726099999999,0,24,NaN,129,121,10.910981912144702
681,3498,Pleasant Ave & E 120 St,40.7974772,-73.9311847,0,14,NaN,99,104,11.849158249158249
682,3500,E 115 St & Madison Ave,40.7989445,-73.944846,0,34,NaN,139,142,9.929976019184656
683,3531,Frederick Douglass Blvd & W 129 St,40.8125511,-73.9492286,0,77,NaN,170,186,17.227745098039204
684,3598,Newton Rd & 44 St,40.7595701,-73.91426779999999,0,38,NaN,102,99,17.417156862745102
685,3494,E 115 St & Lexington Ave,40.797911,-73.9423,0,46,NaN,181,181,9.36703499079189
686,3495,E 114 St & 1 Ave,40.79456629999999,-73.9362541,0,27,NaN,106,116,14.471698113207554
687,3348,Coffey St & Conover St,40.677236,-74.015665,0,181,NaN,118,139,16.02768361581921
688,3563,28 St & 36 Ave,40.757186,-73.93271899999999,0,44,NaN,257,251,8.604604409857332
689,3609,Vernon Blvd & 31 Ave,40.7692475,-73.93545040000001,0,1,NaN,113,132,11.409734513274344
690,3644,Van Dyke St & Van Brunt St,40.67581623,-74.01488185,0,0,NaN,163,197,15.84550102249489
691,3566,Crescent St & 35 Ave,40.7596276,-73.93214549999999,0,43,NaN,155,152,8.868602150537637
692,3125,45 Rd & 11 St,40.74708586,-73.94977234,0,116,NaN,402,424,10.732006633499173
693,3123,31 St & Thomson Ave,40.74469738,-73.93540375,0,75,NaN,157,159,21.040021231422504
694,3059,Pulaski St & Marcus Garvey Blvd,40.693398200000004,-73.939877,0,73,NaN,112,114,10.465327380952385
695,3527,5 Ave & E 126 St,40.806979999999996,-73.94174699999999,0,19,NaN,136,126,12.497426470588234
696,3469,India St & West St,40.73181402,-73.95995021,0,74,NaN,242,246,7.237258953168046
697,3504,E 123 St & Lexington Ave,40.802926299999996,-73.9379,0,17,NaN,149,170,10.960090702947841
698,2001,Sands St & Navy St,40.699773,-73.979927,0,341,NaN,219,252,13.283181126331812
699,3066,Tompkins Ave & Hopkins St,40.69957608,-73.94708417,0,214,NaN,186,184,12.440322580645164
700,3554,Vernon Blvd & 41 Rd,40.7552433,-73.94856779999999,0,16,NaN,44,52,17.655303030303028
701,3522,37 St & 24 Ave,40.7701477,-73.9120938,0,14,NaN,133,136,7.99611528822055
702,3337,Dwight St & Van Dyke St,40.67363551,-74.01195556,0,83,NaN,72,105,14.187731481481485
703,3053,Marcy Ave & Lafayette Ave,40.6900815,-73.94791500000001,0,166,NaN,73,72,14.519634703196346
704,3492,E 118 St & Park Ave,40.8005385,-73.9419949,0,10,NaN,39,50,11.022222222222224
705,3063,Nostrand Ave & Myrtle Ave,40.69527008,-73.95238108,0,164,NaN,139,140,12.326978417266188
706,3333,Columbia St & Lorraine St,40.6747055,-74.00755720000001,0,19,NaN,30,39,7.186111111111113
707,3541,Amsterdam Ave & W 125 St,40.813358,-73.956461,0,161,NaN,129,132,15.004909560723513
708,3610,Vernon Blvd & 30 Rd,40.770845,-73.93417099999999,0,10,NaN,157,177,7.965392781316353
709,3309,E 97 St & 3 Ave,40.7859201,-73.94860294,0,83,NaN,140,147,10.801309523809522
710,3456,Jackson St & Leonard St,40.71638032,-73.94821286,0,82,NaN,84,85,10.510515873015871
711,3065,Union Ave & Wallabout St,40.70029511,-73.95032283,0,129,NaN,122,122,11.452868852459014
712,3629,Adam Clayton Powell Blvd & W 126 St,40.80949535,-73.94776493,0,60,NaN,63,111,11.446296296296293
713,3607,31 Ave & 14 St,40.7682,-73.9322662,0,3,NaN,98,111,9.99642857142857
714,3612,30 Ave & 21 St,40.77037429999999,-73.9286078,0,13,NaN,80,81,13.601250000000002
715,3528,Steinway St & 23 Ave,40.771393700000004,-73.9077436,0,36,NaN,97,100,10.74639175257732
716,3127,9 St & 44 Rd,40.74966,-73.9521,0,29,NaN,84,92,13.321230158730161
717,3340,Wolcott St & Dwight St,40.6753274,-74.0100698,0,40,NaN,63,81,11.434126984126985
718,3120,Center Blvd & Borden Ave,40.741609999999994,-73.96044,0,17,NaN,112,107,15.213363363363356
719,3654,31 St & Northern Blvd,40.75186951,-73.9334929,0,48,NaN,108,109,14.074382716049385
720,3392,Commerce St & Van Brunt St,40.681211700000006,-74.00860912,0,124,NaN,169,197,11.015779092702171
721,3647,48 Ave & 30 Pl,40.74128309,-73.93725872,0,39,NaN,92,93,15.683333333333325
722,3441,10 Hudson Yards,40.752957,-74.00264,0,361,NaN,175,183,14.411714285714286
723,3221,47 Ave & 31 St,40.743,-73.93561,0,55,NaN,144,147,17.18796296296297
724,3122,48 Ave & 5 St,40.74436329,-73.95587325,0,47,NaN,117,118,9.106267806267805
725,3128,21 St & 43 Ave,40.75052534,-73.94594845,0,22,NaN,104,104,14.151282051282054
726,3468,NYCBS Depot - STY - Garage 4,40.730380100000005,-73.9747502,0,52,NaN,39,56,23.026068376068377
727,3525,23 Ave & 27 St,40.776165,-73.9153175,0,5,NaN,52,71,9.67628205128205
728,3596,Sullivan Pl & Bedford Ave,40.6642406,-73.9574686,0,29,NaN,24,28,18.38263888888889
729,3512,27 Ave & 4 St,40.7747175,-73.93378940000001,0,2,NaN,11,33,13.662121212121212
730,3567,11 St & 35 Ave,40.76274420000001,-73.9391141,0,0,NaN,87,82,8.321455938697317
731,2005,Railroad Ave & Kay Ave,40.70531194,-73.97100056,0,49,NaN,65,80,14.44
732,3326,Clinton St & Centre St,40.67434,-74.00194698,0,31,NaN,76,85,9.56491228070175
733,3658,W 18 St & 9 Ave,40.74353373,-74.00367558,0,2251,NaN,1017,1037,10.961143887250074
734,3330,Henry St & Bay St,40.672505799999996,-74.00494695,0,32,NaN,26,39,16.30576923076923
735,3327,3 Ave & E 100 St,40.787721399999995,-73.94728331,0,53,NaN,112,115,15.626190476190477
736,3620,11 St & 43 Ave,40.7519071,-73.94791190000001,0,5,NaN,25,35,10.417333333333334
737,3621,27 Ave & 9 St,40.7739825,-73.93091340000001,0,15,NaN,67,73,9.309203980099502
738,3631,Crown St & Bedford Ave,40.666563000000004,-73.95674100000001,0,42,NaN,27,28,15.346296296296297
739,3590,Carroll St & Franklin Ave,40.6679411,-73.9588,0,51,NaN,37,34,8.854054054054055
740,3557,40 Ave & 9 St,40.75742,-73.945133,0,6,NaN,23,27,11.615942028985506
741,260,Broad St & Bridge St,40.70365182,-74.01167797,125,122,16.43120000000001,638,649,14.914315569487984
742,3437,Riverside Dr & W 91 St,40.79313481,-73.97700369,0,776,NaN,237,197,21.916666666666668
743,345,W 13 St & 6 Ave,40.73649403,-73.99704374,4878,3896,12.01275796091296,1754,1762,9.859074496389203
744,3488,8D QC Station 01,45.50636405,-73.56946349,0,0,NaN,1,1,5.683333333333334
745,3432,NYCBS Depot - GOW,40.66906014,-73.99463654,0,25,NaN,10,22,5.798333333333334
746,223,W 13 St & 7 Ave,40.73781509,-73.99994661,4483,3546,11.802435210008948,1183,1208,8.752298364354202
747,3559,21 St & 38 Ave,40.7576314,-73.9391224,0,0,NaN,29,24,12.581034482758621
748,3239,Bressler,40.64653837,-74.01658773,0,0,NaN,11,11,3.293939393939394
749,253,W 13 St & 5 Ave,40.73543934,-73.99453948,3635,2655,12.023298477343594,1322,1327,9.890935451336365
750,3661,Montgomery St & Franklin Ave,40.66643931,-73.96055639,0,39,NaN,41,49,12.696341463414633
751,3659,W 17 St & 9 Ave,40.74294892,-74.00413692,0,3366,NaN,849,876,11.616941499803684
752,3650,8D Mobile 01,45.50626419,-73.56890559,0,0,NaN,35,35,35.16612903225806
753,3656,E 2 St & Avenue A,40.72307749,-73.98583621,0,3262,NaN,818,862,10.268196654426772
754,3485,NYCBS Depot - RIS,40.725208,-73.974724,0,10,NaN,2,2,7.216666666666667
755,3660,W 16 St & 8 Ave,40.74102151,-74.00138497,0,2600,NaN,1092,1092,9.880280830280839
756,3663,Sterling Pl & 7 Ave,40.67716489,-73.97382796,0,292,NaN,206,207,10.559708737864083
757,3649,W 129 St & Convent Ave,40.81439444,-73.95324737,0,97,NaN,29,35,14.668390804597697
758,3250,NYCBS Depot - PIT,40.71690978,-73.98383796,0,0,NaN,1,1,28.05
759,3664,North Moore St & Greenwich St,40.72019521,-74.01030064,0,3783,NaN,214,214,8.935358255451709
760,428,E 3 St & 1 Ave,40.72467721,-73.98783413,0,0,NaN,1,4,22.383333333333333
761,316,Fulton St & William St,40.70955958,-74.00653609,2637,2047,15.225989129060812,118,114,11.43333333333334
762,3662,31 Ave & Steinway St,40.7612939,-73.91691685,0,35,NaN,1,1,6.4
763,298,3 Ave & Schermerhorn St,40.68683208,-73.9796772,1253,549,13.317997870074546,0,0,NaN
764,3245,NYCBS DEPOT - DELANCEY,40.71644423,-73.98233056,0,50,NaN,0,12,NaN
765,3652,NYCBS Depot - 3AV,40.67013328,-73.99230838,0,0,NaN,0,1,NaN
766,3184,Paulus Hook,40.7141454,-74.0335519,0,2,NaN,0,2,NaN
767,3428,8 Ave & W 16 St,40.740983,-74.00170200000001,0,0,NaN,0,1,NaN
768,3240,NYCBS Depot BAL - DYR,40.75903008,-73.9938587,0,21,NaN,0,1,NaN
769,3686,Gansevoort St & Hudson St,40.739448200000005,-74.00507033,0,5198,NaN,0,0,NaN
770,3684,W 12 St & W 4 St,40.73756121,-74.00398269,0,3009,NaN,0,0,NaN
771,3680,E 43 St & 5 Ave,40.75412081,-73.98025185,0,2693,NaN,0,0,NaN
772,3669,Henry St & W 9 St,40.67630358,-74.00314048,0,44,NaN,0,0,NaN
773,3674,Jay St & York St,40.70140317,-73.9867267,0,2354,NaN,0,0,NaN
774,3457,E 58 St & Madison Ave,40.76302594,-73.97209525,0,1236,NaN,0,0,NaN
775,3673,Dean St & Franklin Ave,40.67759207,-73.95563722,0,416,NaN,0,0,NaN
776,3676,Van Brunt St & Van Dyke St,40.67583294,-74.01472628,0,312,NaN,0,0,NaN
777,3671,E 81 St & 2 Ave,40.77477945,-73.95427465,0,97,NaN,0,0,NaN
778,3628,Lenox Ave & W 117 St,40.8025566,-73.9490782,0,78,NaN,0,0,NaN
779,3675,3 Ave & E 95 St,40.7845968,-73.94968539,0,196,NaN,0,0,NaN
780,3668,Leonard St & Nassau Ave,40.72395678,-73.94984365,0,166,NaN,0,0,NaN
781,3299,E 98 St & Park Ave,40.788129999999995,-73.95206,0,47,NaN,0,0,NaN
782,3666,32 St & 30 Ave,40.76642553,-73.92062902,0,29,NaN,0,0,NaN
783,3275,Columbus Drive,40.718355200000005,-74.03891444,0,2,NaN,0,0,NaN
784,3254,Soissons Landing,40.69231661,-74.01486576,0,24,NaN,0,0,NaN
785,3182,Yankee Ferry Terminal,40.686931,-74.016966,0,9,NaN,0,0,NaN
786,3608,5 St & 51 Ave,40.7423737,-73.9566,0,23,NaN,0,0,NaN
787,3214,Essex Light Rail,40.712774200000005,-74.03648570000001,0,1,NaN,0,0,NaN
788,3198,Heights Elevator,40.74871595,-74.04044329999999,0,1,NaN,0,0,NaN
789,3199,Newport Pkwy,40.728744799999994,-74.03210820000001,0,1,NaN,0,0,NaN
790,3276,Marin Light Rail,40.71458404,-74.04281706,0,4,NaN,0,0,NaN
791,3479,Picnic Point,40.6851256,-74.02535319,0,8,NaN,0,0,NaN
792,3267,Morris Canal,40.71241882,-74.03852552,0,2,NaN,0,0,NaN
793,3192,Liberty Light Rail,40.711242299999995,-74.0557013,0,2,NaN,0,0,NaN
794,3687,E 33 St & 1 Ave,40.74322681,-73.97449784,0,1217,NaN,0,0,NaN
795,3651,Bike Mechanics at Riis Room A,40.72522577,-73.97468617,0,1,NaN,0,0,NaN
796,3688,2 Ave & E 55 St,40.75792021,-73.96638215,0,277,NaN,0,0,NaN
797,3689,W 104 St & Amsterdam Ave,40.79904139,-73.96649479999999,0,62,NaN,0,0,NaN
798,3692,5 St & Market St,40.69999748,-73.97440128,0,3,NaN,0,0,NaN
799,3691,28 Ave & 44 St,40.76408932,-73.91065121,0,2,NaN,0,0,NaN
